,date,img_alt,id,content,name
0,2023-10-29,"Photo by Vicki Walton on October 28, 2023. May be an image of ‎text that says '‎광고&협찬 애월 해안도로 구엄포구에 위치한 찐맛집 2#지구상회 회&포차 RA ر6، 제주제주시애월읍 애월해안로 7152층 064-746-9080‎'‎.",vickiwalton208558,"애월해안도로에 위치한 선주가 직접 ⁣
제주앞바다에서 잡은 생물을 사용하여⁣
질과 양으로 승부하는 진짜 맛집!~⁣
⁣
가게명 : 지구상회⁣
주소 : 애월읍 애월해안로 715 2층⁣
연락처 : 064-746-9080⁣
영업시간 : 오후3시~새벽2시 (수요일 휴무)⁣
⁣
#제주맛집",
1,2023-10-29,"☎ 1661-9613
 @inssa_____official
24시 연중무휴
카카오채널 ㅡ> 인싸닷컴

아직도 고민되시나요??
고민할 사이에 경쟁사는
무조건 무조건이야!

광고대행사 가격으로 고객분들께
드리는 파격적인 금액

인기게시물
인기탭
자동완성
계정관리
릴스
블로그
플레이스
디자인기획제작

어떤 업종이든 자동화
시스템으로 다 가능합니다

☎ 1661-9613 24시
☞ 카카오채널 : 인싸닷컴
 @inssa_____official

#중문맛집 #제주필라테스
#부천눈썹문신 #부천반영구
#제주피부관리 #부천왁싱
#릴스 #부천역맛집 #원종동맛집
#제주맛집
( 협찬 )",jkoesit1102,"☎ 1661-9613
@inssa_____official
24시 연중무휴
카카오채널 ㅡ> 인싸닷컴

아직도 고민되시나요??
고민할 사이에 경쟁사는
무조건 무조건이야!

광고대행사 가격으로 고객분들께
드리는 파격적인 금액

인기게시물
인기탭
자동완성
계정관리
릴스
블로그
플레이스
디자인기획제작

어떤 업종이든 자동화
시스템으로 다 가능합니다

☎ 1661-9613 24시
☞ 카카오채널 : 인싸닷컴
@inssa_____official

#중문맛집 #제주필라테스
#부천눈썹문신 #부천반영구
#제주피부관리 #부천왁싱
#릴스 #부천역맛집 #원종동맛집
#제주맛집
( 협찬 )",
2,2023-10-29,"1인1메뉴 주문시 전복버터구이 무제한 서비스 진행중이네요~
.
제주에서 손꼽히는 제주뷰맛집 ✔서귀포점 ✔제주공항점 모두 전좌석 오션뷰🏝그리고 흔히 먹을수없는 딱새우보일링과 활랍스타찜 그리고 제주산돈마호크를 한번에 가성비있게 즐길수있는 세트 메뉴까지💕  #제주공항맛집 
#제주맛집 으로유명한 #제주더비치크랩
제주도여행 이건꼭 먹어야해😋
재료가 떨어지면 마감되니 주의!!
.
🏝제주 더비치크랩
.
#동문시장맛집 #제주시맛집 #제주공항  #산방산맛집  #송악산맛집 #jejudo #탑동맛집 #제주동문시장맛집 #용두암맛집 #용담해안도로 #안덕면맛집 #사계맛집 #루나폴 #우진해장국 #제주전복 #제주전복무제한",jeju.jmt,"1인1메뉴 주문시 전복버터구이 무제한 서비스 진행중이네요~
.
제주에서 손꼽히는 제주뷰맛집 ✔서귀포점 ✔제주공항점 모두 전좌석 오션뷰🏝그리고 흔히 먹을수없는 딱새우보일링과 활랍스타찜 그리고 제주산돈마호크를 한번에 가성비있게 즐길수있는 세트 메뉴까지💕  #제주공항맛집
#제주맛집 으로유명한 #제주더비치크랩
제주도여행 이건꼭 먹어야해😋
재료가 떨어지면 마감되니 주의!!
.
🏝제주 더비치크랩
.
#동문시장맛집 #제주시맛집 #제주공항  #산방산맛집 #송악산맛집 #jejudo #탑동맛집 #제주동문시장맛집 #용두암맛집 #용담해안도로 #안덕면맛집 #사계맛집 #루나폴 #우진해장국 #제주전복 #제주전복무제한",
3,2023-10-29,"_
제주시 가닥.
(제주도의 특색이 잘 담겨있는 면 한그릇. 어제 불금보낸 분들을 위한 피드.)
_
전날 과음으로 지독한 숙취에 뇌가 뻐근했던 제주여행 어느날 아침. 문득 생각나서 달려간곳. 오픈한지 반년정도 된 나름 신상업장인데 부산의 유명 라멘집 류센소와 협업한 매장이라고 합니다.
_
일본 전통라멘의 장인정신을 기반으로 제주의 청정식재료를 사용하여 깊은맛으로 풀어내었다고 씌여있는데 이 훌륭한 설명만으로도 이미 해장이 반은 된듯한 느낌. 저는 딱새우면, 일행은 돈백탕면을 주문. 돈백탕면은 고기국수 비슷한 느낌에 좀더 깔끔하게 떨어지는 느낌. 딱새우면은 딱새우 두마리가 올라가있는 자태에서 이미 비쥬얼 합격. 맛은 기대했던 그맛에서 크게 벗어나지는 않았고 새우의 풍미가 살살 올라오는게 식감과 목넘김 뿐만 아니라 후각으로도 즐길거리가 충분했다는점 좋았구요.
_
사이드로 주문한 흑돼지교자는 흑돼지 지방의 풍미가 꽤나 인상적이였고 멜튀김은 맛은 좋았으나 멸치형님이 벌크업된 형님들만 계셔서 조금 먹기 힘들었습니다 ㅋㅋ
_
해장의 성지 제주도에서 또다른 영역으로 우리들의 해장을 담당하는 매장이 생겼다는점에서 응원드리고 싶구요. 앞으로의 발전이 기대가 되는집.
_
#가담
#제주맛집
#라멘맛집
#제주시맛집
#제주도맛집
#맛타고라스라멘
#맛타고라스제주
#맛타고라스제주시
#맛타고라스제주도",mat_thagoras,"_
제주시 가닥.
(제주도의 특색이 잘 담겨있는 면 한그릇. 어제 불금보낸 분들을 위한 피드.)
_
전날 과음으로 지독한 숙취에 뇌가 뻐근했던 제주여행 어느날 아침. 문득 생각나서 달려간곳. 오픈한지 반년정도 된 나름 신상업장인데 부산의 유명 라멘집 류센소와 협업한 매장이라고 합니다.
_
일본 전통라멘의 장인정신을 기반으로 제주의 청정식재료를 사용하여 깊은맛으로 풀어내었다고 씌여있는데 이 훌륭한 설명만으로도 이미 해장이 반은 된듯한 느낌. 저는 딱새우면, 일행은 돈백탕면을 주문. 돈백탕면은 고기국수 비슷한 느낌에 좀더 깔끔하게 떨어지는 느낌. 딱새우면은 딱새우 두마리가 올라가있는 자태에서 이미 비쥬얼 합격. 맛은 기대했던 그맛에서 크게 벗어나지는 않았고 새우의 풍미가 살살 올라오는게 식감과 목넘김 뿐만 아니라 후각으로도 즐길거리가 충분했다는점 좋았구요.
_
사이드로 주문한 흑돼지교자는 흑돼지 지방의 풍미가 꽤나 인상적이였고 멜튀김은 맛은 좋았으나 멸치형님이 벌크업된 형님들만 계셔서 조금 먹기 힘들었습니다 ㅋㅋ
_
해장의 성지 제주도에서 또다른 영역으로 우리들의 해장을 담당하는 매장이 생겼다는점에서 응원드리고 싶구요. 앞으로의 발전이 기대가 되는집.
_
#가담
#제주맛집
#라멘맛집
#제주시맛집
#제주도맛집
#맛타고라스라멘
#맛타고라스제주
#맛타고라스제주시
#맛타고라스제주도",
4,2023-10-29,"""지구상회""

애월해안도로 유일한 회ㆍ포차
신선한 활어회와 다양한 볶음류와 구이
환상적인 오션뷰를 지닌 루프탑 

새벽2시까지 영업

상호 : 지구상회
위치 : 애월읍 애월해안로 715 2층
전화 : 064-746-9080
영업 : 오후3시~새벽2시

매주 수요일 휴무

@earthmarket_jeju 

지구상회 대부분의 활어는 저희가 보유하고있는 어선(지구호)에서 직접잡아 저렴하고 싱싱한 상태로 제공해드리고있습니다~

영상출처
yomyom_jeju",kristinaweber541345,"""지구상회""

애월해안도로 유일한 회ㆍ포차
신선한 활어회와 다양한 볶음류와 구이
환상적인 오션뷰를 지닌 루프탑

새벽2시까지 영업

상호 : 지구상회
위치 : 애월읍 애월해안로 715 2층
전화 : 064-746-9080
영업 : 오후3시~새벽2시

매주 수요일 휴무

@earthmarket_jeju

지구상회 대부분의 활어는 저희가 보유하고있는 어선(지구호)에서 직접잡아 저렴하고 싱싱한 상태로 제공해드리고있습니다~

영상출처
yomyom_jeju",
5,2023-10-29,"(리그램) 제주앞바다가 한눈에 보이는 제주앞바다횟집❤️

싱싱한 자연산 활어회를 가성비있게 맛볼수있는 찐맛집!!

탁 트인 전망으로 아름다운 제주 바다를 볼수있고(+노을뷰맛집,,!!)

회는 물론 튀김 등 기본 찬까지 모두 메인메뉴급 🧡🧡

제주공항근처 꼭 가봐야 할 1순위! ""제주앞바다횟집""🙆‍♂️🙆🏻‍♀️

제주앞바다횟집
전화번호: 0507-1488-9701
주소: 제주시 동한두기길 29

#제주공항근처맛집 #제주시맛집 #제주공항근처횟집 #제주시횟집 #제주도고등어회맛집 #고등어회 #제주도고등어회 #제주앞바다횟집 #제주맛집 #제주회맛집 #탑동맛집 #동문시장맛집",alis._nallan9,"(리그램) 제주앞바다가 한눈에 보이는 제주앞바다횟집❤️

싱싱한 자연산 활어회를 가성비있게 맛볼수있는 찐맛집!!

탁 트인 전망으로 아름다운 제주 바다를 볼수있고(+노을뷰맛집,,!!)

회는 물론 튀김 등 기본 찬까지 모두 메인메뉴급 🧡🧡

제주공항근처 꼭 가봐야 할 1순위! ""제주앞바다횟집""🙆‍♂️🙆🏻‍♀️

제주앞바다횟집
전화번호: 0507-1488-9701
주소: 제주시 동한두기길 29

#제주공항근처맛집 #제주시맛집 #제주공항근처횟집 #제주시횟집 #제주도고등어회맛집 #고등어회 #제주도고등어회 #제주앞바다횟집 #제주맛집 #제주회맛집 #탑동맛집 #동문시장맛집",
6,2023-10-29,"Photo by Ngoc Kropidlowski on October 27, 2023. May be an image of sausage, sandwich, outdoors and text.",ngockropidlowski,"(협찬) @burgeryo_jeju

푸른제주바다와 마주보며 즐기는 특별한 수제버거!
100% 프리미엄 씨푸드원료 그.대.로.패티를 만드는 버거에
진심인 제주수제버거맛집 버거요

그어디에서도 맛볼수없는
탱글야들쪽득 환상식감의 🍔관자스테이크버거
대게살이 살아있는 고소한 🍔대게버거
은은한 훈제향의 프레쉬한 🍔홀랜다이즈연어버거

아름다운 제주바다뷰와 함께 인생버거를 만나보세요!

💛한림읍 귀덕11길 43
💛10:00~20:00(라스트오더19:00)
💛 064-796-0220
💛 주차가능, 애견동반가능

#애월맛집추천 #한림맛집 #곽지맛집 #곽지해수욕장 #제주여행 #제주도여행 #제주수제버거 #협재맛집 #제주맛집",
7,2023-10-29,"""지구상회""

애월해안도로 유일한 회ㆍ포차
신선한 활어회와 다양한 볶음류와 구이
환상적인 오션뷰를 지닌 루프탑 

새벽2시까지 영업

상호 : 지구상회
위치 : 애월읍 애월해안로 715 2층
전화 : 064-746-9080
영업 : 오후3시~새벽2시

@earthmarket_jeju

매주 수요일 휴무

영상출처
yomyom_jeju",debbiecarr739506,"""지구상회""

애월해안도로 유일한 회ㆍ포차
신선한 활어회와 다양한 볶음류와 구이
환상적인 오션뷰를 지닌 루프탑

새벽2시까지 영업

상호 : 지구상회
위치 : 애월읍 애월해안로 715 2층
전화 : 064-746-9080
영업 : 오후3시~새벽2시

@earthmarket_jeju

매주 수요일 휴무

영상출처
yomyom_jeju",
8,2023-10-29,"[협찬]
제주 서귀포 핵존맛 흑돼지 끝판왕 맛집 찾았어요!!
연예인들도 자주찾는 찐맛집 ,,,💖

제주도에서만 느낄 수 있는 까망돼지라는데><
서귀포점, 중문점 2곳에서 만날 수 있고 이곳이 원조 흑돼지맛집 이라네요 ( •̀ ω •́ )✧

2주간 숙성된 고기만 사용해서 입안에서 풍미가 가득,,,
심지어 숙성되지않은 고기는 사용하시지 않는다구!!!!

입맛대로 골라 먹을 수 있는 4가지 소스 제공은덤!!
멸치젓갈부터 청양마요소스 , 제주 특제 한라봉소스, 마늘소스까지
다양하게 취양대로 즐길수있어 입이즐겁다 💖

특히 고사리를 제공해주는데 흑돼지랑 고사리를 싸먹으니 
입안에서 고사리향과 흑돼지에 쫄깃함이 환상의조합!! 
여긴 나만 알고싶은 맛집 공개하는거니 꼭 가보라규 💖💖

* 대표메뉴
☑흑돼지 근고기
☑진짜제주생갈비
☑김치찌개
☑된장찌개
☑계란찜

좋은 재료와 든든한 한끼 맛 볼 수 있는
#서귀포맛집 까망돼지로 달려가보자구!!

🚩까망돼지 서귀포점🚩
제주 서귀포시 일주동로 8524

운영시간
매일
11:00 ~ 23:00
전화 0507-1312-6542

#제주맛집 #서귀포시맛집 #제주여행 #제주가볼만한곳 #제주핫플 #제주도핫플 #제주도여행 #제주도가볼만한곳 #제주고기집 #제주고깃집 #까망돼지서귀포점 #까망돼지중문점 #중문맛집 #제주흑돼지맛집",sallyharrisx69,"[협찬]
제주 서귀포 핵존맛 흑돼지 끝판왕 맛집 찾았어요!!
연예인들도 자주찾는 찐맛집 ,,,💖

제주도에서만 느낄 수 있는 까망돼지라는데><
서귀포점, 중문점 2곳에서 만날 수 있고 이곳이 원조 흑돼지맛집 이라네요 ( •̀ ω •́ )✧

2주간 숙성된 고기만 사용해서 입안에서 풍미가 가득,,,
심지어 숙성되지않은 고기는 사용하시지 않는다구!!!!

입맛대로 골라 먹을 수 있는 4가지 소스 제공은덤!!
멸치젓갈부터 청양마요소스 , 제주 특제 한라봉소스, 마늘소스까지
다양하게 취양대로 즐길수있어 입이즐겁다 💖

특히 고사리를 제공해주는데 흑돼지랑 고사리를 싸먹으니
입안에서 고사리향과 흑돼지에 쫄깃함이 환상의조합!!
여긴 나만 알고싶은 맛집 공개하는거니 꼭 가보라규 💖💖

* 대표메뉴
☑흑돼지 근고기
☑진짜제주생갈비
☑김치찌개
☑된장찌개
☑계란찜

좋은 재료와 든든한 한끼 맛 볼 수 있는
#서귀포맛집 까망돼지로 달려가보자구!!

🚩까망돼지 서귀포점🚩
제주 서귀포시 일주동로 8524

운영시간
매일
11:00 ~ 23:00
전화 0507-1312-6542

#제주맛집 #서귀포시맛집 #제주여행 #제주가볼만한곳 #제주핫플 #제주도핫플 #제주도여행 #제주도가볼만한곳 #제주고기집 #제주고깃집 #까망돼지서귀포점 #까망돼지중문점 #중문맛집 #제주흑돼지맛집",
9,2023-10-29,"☎ 1661-9613
 @inssa_____official
24시 연중무휴
카카오채널 ㅡ> 인싸닷컴

아직도 고민되시나요??
고민할 사이에 경쟁사는
무조건 무조건이야!

광고대행사 가격으로 고객분들께
드리는 파격적인 금액

인기게시물
인기탭
자동완성
계정관리
릴스
블로그
플레이스
디자인기획제작

어떤 업종이든 자동화
시스템으로 다 가능합니다

☎ 1661-9613 24시
☞ 카카오채널 : 인싸닷컴
 @inssa_____official

#제주맛집 #거제도맛집#거제맛집#진주맛집#사천맛집#김해맛집#마산맛집#창원맛집#통영맛집#화명동맛집#대부도맛집 #전주맛집 #동탄맛집 #수원맛집
( 광고 )",giceol6562,"☎ 1661-9613
@inssa_____official
24시 연중무휴
카카오채널 ㅡ> 인싸닷컴

아직도 고민되시나요??
고민할 사이에 경쟁사는
무조건 무조건이야!

광고대행사 가격으로 고객분들께
드리는 파격적인 금액

인기게시물
인기탭
자동완성
계정관리
릴스
블로그
플레이스
디자인기획제작

어떤 업종이든 자동화
시스템으로 다 가능합니다

☎ 1661-9613 24시
☞ 카카오채널 : 인싸닷컴
@inssa_____official

#제주맛집 #거제도맛집#거제맛집#진주맛집#사천맛집#김해맛집#마산맛집#창원맛집#통영맛집#화명동맛집#대부도맛집 #전주맛집 #동탄맛집 #수원맛집
( 광고 )",
10,2023-10-29,"(협찬)제주도에서 양꼬치는 언제나 우리의 원픽!
묻지도 따지지도 않고 갈수있는곳👍
어제먹고 오늘먹고 내일도 갈수있는맛집😋

양꼬치.양갈비꼬치.오돌뼈꼬치
꼬치종류가 많은데 진심 다 맛있음😍

여긴 진짜 술이술술 들어가는곳!
그래서 술좋아하는사람들은 사실 조심해야됨!🤭
주방장님 볶음요리 솜씨가 아주 최상급이라
술값이 어마무시하게 나온다는사실🤣🤣

탄탄흑돈양꼬치 @tantan__1687/
📍제주시 한림읍 한림로 687
☎️064-796-1687

#한림맛집
#한림술집
#제주도양꼬치
#제주맛집
#제주도민맛집
#애월맛집
#협재맛집
#제주맛집추천
#제주맛집투어
#제주현지인맛집
#제주양꼬치
#제주양갈비
#한림양꼬치",_enelopepowe,"(협찬)제주도에서 양꼬치는 언제나 우리의 원픽!
묻지도 따지지도 않고 갈수있는곳👍
어제먹고 오늘먹고 내일도 갈수있는맛집😋

양꼬치.양갈비꼬치.오돌뼈꼬치
꼬치종류가 많은데 진심 다 맛있음😍

여긴 진짜 술이술술 들어가는곳!
그래서 술좋아하는사람들은 사실 조심해야됨!🤭
주방장님 볶음요리 솜씨가 아주 최상급이라
술값이 어마무시하게 나온다는사실🤣🤣

탄탄흑돈양꼬치 @tantan__1687/
📍제주시 한림읍 한림로 687
☎️064-796-1687

#한림맛집
#한림술집
#제주도양꼬치
#제주맛집
#제주도민맛집
#애월맛집
#협재맛집
#제주맛집추천
#제주맛집투어
#제주현지인맛집
#제주양꼬치
#제주양갈비
#한림양꼬치",
11,2023-10-29,"Photo by John Novak on October 28, 2023. May be an image of text that says '광고&협찬 애월 해안도로 구엄포구에 위치한 찐맛집 #지구상회 회&포차 RA てて6 제주제주시애월읍 애월해안로 7152층 064-746-9080 064-74'.",johnnovak881283,"애월해안도로에 위치한 선주가 직접 ⁣
제주앞바다에서 잡은 생물을 사용하여⁣
질과 양으로 승부하는 진짜 맛집!~⁣
⁣
가게명 : 지구상회⁣
주소 : 애월읍 애월해안로 715 2층⁣
연락처 : 064-746-9080⁣
영업시간 : 오후3시~새벽2시 (수요일 휴무)⁣
⁣
#제주맛집 #제주애월맛집 #애월술집⁣
#애월맛집 #제주도맛집 #제주술집⁣
#제주도술집 #제주여행 #제주도여행⁣
#애월카페 #애월가볼만한곳 #제주핫플⁣
#제주횟집 #제주도횟집 #애월횟집",
12,2023-10-29,"(리그램) @suncheunmihyang

😎
제주의 가을
파란바다
파란하늘
파란바람
그리고 고운 마음

순천미향제주산방산본점
제주시 안덕면 사계리
163-1(주차장)

#제주맛집
#고기서만나제주
#신화월드맛집
#오설록맛집
#송악산맛집
#중문맛집
#서귀포맛집
#산방산맛집
#카멜리아힐맛집
#제주산방산맛집
#용머리해안맛집
#제주용머리해안맛집
#안덕면맛집
#한라산
#오설록
#산방산
#용머리해안
#제주도여행
#제주문어요리
#순천미향
#신화월드맛집
#오설록맛집
#송악산맛집
#중문맛집
#서귀포맛집
#산방산맛집
#카멜리아힐맛집
#제주산방산맛집
#용머리해안맛집
#제주용머리해안맛집
#안덕면맛집
#한라산
#오설록
#산방산
#용머리해안
#제주도여행
#제주문어요리
#The best restaurant in Jeju Island
#济州岛美食店",emi__ante5,"(리그램) @suncheunmihyang

😎
제주의 가을
파란바다
파란하늘
파란바람
그리고 고운 마음

순천미향제주산방산본점
제주시 안덕면 사계리
163-1(주차장)

#제주맛집
#고기서만나제주
#신화월드맛집
#오설록맛집
#송악산맛집
#중문맛집
#서귀포맛집
#산방산맛집
#카멜리아힐맛집
#제주산방산맛집
#용머리해안맛집
#제주용머리해안맛집
#안덕면맛집
#한라산
#오설록
#산방산
#용머리해안
#제주도여행
#제주문어요리
#순천미향
#신화월드맛집
#오설록맛집
#송악산맛집
#중문맛집
#서귀포맛집
#산방산맛집
#카멜리아힐맛집
#제주산방산맛집
#용머리해안맛집
#제주용머리해안맛집
#안덕면맛집
#한라산
#오설록
#산방산
#용머리해안
#제주도여행
#제주문어요리
#The best restaurant in Jeju Island
#济州岛美食店",
13,2023-10-29,"Photo by John Huber on October 26, 2023. May be an image of ‎text that says '‎광고&협찬 애월 해안도로 구엄포구에 위치한 찐맛집 #지구상회 회&포차 7121 RA ر6، 제주제주시애월읍 애월해안로 7152층 064-746-9080‎'‎.",johnhuber263064,"애월해안도로에 위치한 선주가 직접 ⁣
제주앞바다에서 잡은 생물을 사용하여⁣
질과 양으로 승부하는 진짜 맛집!~⁣
⁣
가게명 : 지구상회⁣
주소 : 애월읍 애월해안로 715 2층⁣
연락처 : 064-746-9080⁣
영업시간 : 오후3시~새벽2시 (수요일 휴무)⁣
⁣
#제주맛집 #제주애월맛집 #애월술집⁣
#애월맛집 #제주도맛집 #제주술집⁣
#제주도술집 #제주여행 #제주도여행⁣
#애월카페 #애월가볼만한곳 #제주핫플⁣
#제주횟집 #제주도횟집 #애월횟집",
14,2023-10-29,"제주도 가서 흑돼지와 사랑에 빠졌습니다.
쫄깃쫄깃 오동통한 두툼한 흑돼지 오겹살을 먹을 수 있는 제주도 흑돼지 맛집입니다.

탁 트인 제주도 바다 뷰와 함께 즐기는 불향과 육향 가득한 흑돼지 오겹살, 흑돼지 오겹살이 들어간 제주 흑돼지 김치찌개는 별미 중에 별미로 밥도둑, 술 도둑 당할 수 
있으니 주의하셔야 합니다.

제주도 가자마자 이집 흑돼지 매력에 흠뻑 빠져서 잊지 못한 그때그집 흑돼지 오겹살👍

🔥 #제주공항그때그집 

🔊 0507-1423-9983
제주 제주시 서해안로 352-1
( 지번: 도두이동 706-11 )
📢 매일 11:00 - 22:00
브레이크 16:00 - 17:00 
매주 수요일 정기휴무

#제주도맛집 #제주시맛집 #제주맛집 #제주도맛집추천 #제주공항근처맛집 #고기맛집 #김치찌개맛집 #흑돼지",foodmafiaboss,"제주도 가서 흑돼지와 사랑에 빠졌습니다.
쫄깃쫄깃 오동통한 두툼한 흑돼지 오겹살을 먹을 수 있는 제주도 흑돼지 맛집입니다.

탁 트인 제주도 바다 뷰와 함께 즐기는 불향과 육향 가득한 흑돼지 오겹살, 흑돼지 오겹살이 들어간 제주 흑돼지 김치찌개는 별미 중에 별미로 밥도둑, 술 도둑 당할 수
있으니 주의하셔야 합니다.

제주도 가자마자 이집 흑돼지 매력에 흠뻑 빠져서 잊지 못한 그때그집 흑돼지 오겹살👍

🔥 #제주공항그때그집

🔊 0507-1423-9983
제주 제주시 서해안로 352-1
( 지번: 도두이동 706-11 )
📢 매일 11:00 - 22:00
브레이크 16:00 - 17:00
매주 수요일 정기휴무

#제주도맛집 #제주시맛집 #제주맛집 #제주도맛집추천 #제주공항근처맛집 #고기맛집 #김치찌개맛집 #흑돼지",
15,2023-10-29,"1인1메뉴 주문시 전복버터구이 무제한 서비스 진행중이네요~
.
제주에서 손꼽히는 제주뷰맛집 ✔서귀포점 ✔제주공항점 모두 전좌석 오션뷰🏝그리고 흔히 먹을수없는 딱새우보일링과 활랍스타찜 그리고 제주산돈마호크를 한번에 가성비있게 즐길수있는 세트 메뉴까지💕  #산방산맛집 
#제주맛집 으로유명한 #제주더비치크랩
제주도여행 이건꼭 먹어야해😋
재료가 떨어지면 마감되니 주의!!
.
🏝제주 더비치크랩
.
#동문시장맛집 #제주시 #제주공항맛집  #산방산 #송악산맛집 #jejudo #탑동맛집 #제주동문시장 #용두암맛집 #용담해안도로 #안덕면맛집 #제주시내 #산방산 #사계리맛집 #루나폴",jejukim_,"1인1메뉴 주문시 전복버터구이 무제한 서비스 진행중이네요~
.
제주에서 손꼽히는 제주뷰맛집 ✔서귀포점 ✔제주공항점 모두 전좌석 오션뷰🏝그리고 흔히 먹을수없는 딱새우보일링과 활랍스타찜 그리고 제주산돈마호크를 한번에 가성비있게 즐길수있는 세트 메뉴까지💕  #산방산맛집
#제주맛집 으로유명한 #제주더비치크랩
제주도여행 이건꼭 먹어야해😋
재료가 떨어지면 마감되니 주의!!
.
🏝제주 더비치크랩
.
#동문시장맛집 #제주시 #제주공항맛집  #산방산 #송악산맛집 #jejudo #탑동맛집 #제주동문시장 #용두암맛집 #용담해안도로 #안덕면맛집 #제주시내 #산방산 #사계리맛집 #루나폴",
16,2023-10-29,"봄이루:)안녕하세요.
민봄여행기 제주2번째 이야기
오픈 하였습니다.
👉 @minbom.travel

이번구성 알차게 준비하였으니
제주여행오실때 꼭 방문해보세요.

❗️애월브런치오
✅️드뎌!신상브런치카페 떳다규
✅️바다뷰?여긴 돌고래뷰도 있다 ㅎ
✅️애월 아침 브런치는 여기밖에없어
✅️브런치플레이트,한우퀘사디아 꼭먹기

📍제주시애월읍애월해안로454-3
☎️0507-1431-4679
🚗주차(가능)
🐶애견,애묘(문의)

❗️로맨틱새우
✅️혹시~여기모르면 제주처음오신겁니다.

✅️제주도민도 가는곳이면 말다했지
✅️새우살이 랍스타식감?(미쳤네)
✅️오늘 로맨틱새우 굿~초이스

📍제주시애월읍곽지1길12-12
☎️0507-1335-1588
🚗주차(가능)
🐶애견,애묘(문의)

❗️애월테라피
✅️마사지로 우수 인증업소받은곳 쉽지않거든~
✅️아로마 스톤테라피라고 알아? 이거요물이네
✅️임산부마사지도 있으니 꼭 받기
✅️네이버예약해서2만원할인받자규~

📍제주시애월읍애월해안로454-5
☎️0507-1410-5775
🚗주차(가능)
🐶애견,애묘(문의)

❗️애월찜
✅️애월필수코스가 되어버린 이곳
✅️제주에서 10년한자리 음식점 쉽지않아
✅️낙지,전복.소갈비 그냥 몸보신이네
✅️도민한테도 사랑받으면 말다한거임

📍제주시애월읍애월해안로454-5
☎️0507-1403-7496
🚗주차(가능)
🐶애견,애묘(문의)

#제주맛집#제주도맛집#제주여행",pitts1337,"봄이루:)안녕하세요.
민봄여행기 제주2번째 이야기
오픈 하였습니다.
👉 @minbom.travel

이번구성 알차게 준비하였으니
제주여행오실때 꼭 방문해보세요.

❗️애월브런치오
✅️드뎌!신상브런치카페 떳다규
✅️바다뷰?여긴 돌고래뷰도 있다 ㅎ
✅️애월 아침 브런치는 여기밖에없어
✅️브런치플레이트,한우퀘사디아 꼭먹기

📍제주시애월읍애월해안로454-3
☎️0507-1431-4679
🚗주차(가능)
🐶애견,애묘(문의)

❗️로맨틱새우
✅️혹시~여기모르면 제주처음오신겁니다.

✅️제주도민도 가는곳이면 말다했지
✅️새우살이 랍스타식감?(미쳤네)
✅️오늘 로맨틱새우 굿~초이스

📍제주시애월읍곽지1길12-12
☎️0507-1335-1588
🚗주차(가능)
🐶애견,애묘(문의)

❗️애월테라피
✅️마사지로 우수 인증업소받은곳 쉽지않거든~
✅️아로마 스톤테라피라고 알아? 이거요물이네
✅️임산부마사지도 있으니 꼭 받기
✅️네이버예약해서2만원할인받자규~

📍제주시애월읍애월해안로454-5
☎️0507-1410-5775
🚗주차(가능)
🐶애견,애묘(문의)

❗️애월찜
✅️애월필수코스가 되어버린 이곳
✅️제주에서 10년한자리 음식점 쉽지않아
✅️낙지,전복.소갈비 그냥 몸보신이네
✅️도민한테도 사랑받으면 말다한거임

📍제주시애월읍애월해안로454-5
☎️0507-1403-7496
🚗주차(가능)
🐶애견,애묘(문의)

#제주맛집#제주도맛집#제주여행",
17,2023-10-29,"가장 '제주'스러운 피자집이다. 달콤한 고구마무스를 듬--뿍 올려주는 톳도우피자 #리보스코화덕피자 

제주도에서 무조건 가야할 제주도갬성 뿜뿜한 피자집이다. 백종원선생님도 다녀가신곳.
해녀가 직접 채취한 톳으로 만드는 도우라니,,, 다른피자랑은 차원이 다른맛. 

도민들도 와서 포장해가는 ㄹㅇ 찐맛집이다,,, 공항이랑도 가까워서 여행첫째날이나 마지막날 코스로 추천!! ((포장해서 바다보면서 맥주랑 마시면 미쳐))

✏️한라산용암피자(37,000원)
✏️제주시 수목원길 27 리보스코화덕피자 연동점
✏️매일 11:00 - 21:00 / 수요일휴무 

#쎄럽_제주 #피자맛집 #연동맛집 #제주도맛집 #제주맛집 #서귀포맛집 #제주공항근처맛집 #제주도여행 #릴스타그램 #foodreels",sse_luv,"가장 '제주'스러운 피자집이다. 달콤한 고구마무스를 듬--뿍 올려주는 톳도우피자 #리보스코화덕피자

제주도에서 무조건 가야할 제주도갬성 뿜뿜한 피자집이다. 백종원선생님도 다녀가신곳.
해녀가 직접 채취한 톳으로 만드는 도우라니,,, 다른피자랑은 차원이 다른맛.

도민들도 와서 포장해가는 ㄹㅇ 찐맛집이다,,, 공항이랑도 가까워서 여행첫째날이나 마지막날 코스로 추천!! ((포장해서 바다보면서 맥주랑 마시면 미쳐))

✏️한라산용암피자(37,000원)
✏️제주시 수목원길 27 리보스코화덕피자 연동점
✏️매일 11:00 - 21:00 / 수요일휴무

#쎄럽_제주 #피자맛집 #연동맛집 #제주도맛집 #제주맛집 #서귀포맛집 #제주공항근처맛집 #제주도여행 #릴스타그램 #foodreels",
18,2023-10-29,"Photo by Renee Barr on October 28, 2023. May be an image of text.",reneebarr953493,"애월해안도로에 위치한 선주가 직접 ⁣
제주앞바다에서 잡은 생물을 사용하여⁣
질과 양으로 승부하는 진짜 맛집!~⁣
⁣
가게명 : 지구상회⁣
주소 : 애월읍 애월해안로 715 2층⁣
연락처 : 064-746-9080⁣
영업시간 : 오후3시~새벽2시 (수요일 휴무)⁣
⁣
#제주맛집",
19,2023-10-29,"1인1메뉴 주문시 전복버터구이 무제한 서비스 진행중이네요~
.
제주에서 손꼽히는 제주뷰맛집 ✔서귀포점 ✔제주공항점 모두 전좌석 오션뷰🏝그리고 흔히 먹을수없는 딱새우보일링과 활랍스타찜 그리고 제주산돈마호크를 한번에 가성비있게 즐길수있는 세트 메뉴까지💕 #제주  #제주시맛집
#제주맛집 으로유명한 #제주더비치크랩
제주도여행 이건꼭 먹어야해😋
재료가 떨어지면 마감되니 주의!!
.
🏝제주 더비치크랩
.
#동문시장맛집 #제주시맛집 #제주공항맛집  #산방산맛집  #송악산맛집 #jejudo #탑동맛집 #제주동문시장 #용두암맛집 #용담해안도로 #안덕면맛집 #산방산 #그랜드하얏트제주 #우진해장국",jeju_kim_,"1인1메뉴 주문시 전복버터구이 무제한 서비스 진행중이네요~
.
제주에서 손꼽히는 제주뷰맛집 ✔서귀포점 ✔제주공항점 모두 전좌석 오션뷰🏝그리고 흔히 먹을수없는 딱새우보일링과 활랍스타찜 그리고 제주산돈마호크를 한번에 가성비있게 즐길수있는 세트 메뉴까지💕 #제주 #제주시맛집
#제주맛집 으로유명한 #제주더비치크랩
제주도여행 이건꼭 먹어야해😋
재료가 떨어지면 마감되니 주의!!
.
🏝제주 더비치크랩
.
#동문시장맛집 #제주시맛집 #제주공항맛집  #산방산맛집 #송악산맛집 #jejudo #탑동맛집 #제주동문시장 #용두암맛집 #용담해안도로 #안덕면맛집 #산방산 #그랜드하얏트제주 #우진해장국",
20,2023-10-29,"Photo by Lisa Barton on October 20, 2023. May be an image of text that says '광고&협찬 애월 해안도로 구엄포구에 위치한 찐맛집 #지구상회 회&포차 RA て的 제주제주시애월읍 애월해안로 7152층 064-746-9080 064-74'.",lisabarton207691,"애월해안도로에 위치한 선주가 직접 ⁣
제주앞바다에서 잡은 생물을 사용하여⁣
질과 양으로 승부하는 진짜 맛집!~⁣
⁣
가게명 : 지구상회⁣
주소 : 애월읍 애월해안로 715 2층⁣
연락처 : 064-746-9080⁣
영업시간 : 오후3시~새벽2시 (수요일 휴무)⁣
⁣
#제주맛집 #제주애월맛집 #애월술집⁣
#애월맛집 #제주도맛집 #제주술집⁣
#제주도술집 #제주여행 #제주도여행⁣
#애월카페 #애월가볼만한곳 #제주핫플⁣
#제주횟집 #제주도횟집 #애월횟집",
21,2023-10-29,"☎ 1661-9613
 @inssa_____official
24시 연중무휴
카카오채널 ㅡ> 인싸닷컴

아직도 고민되시나요??
고민할 사이에 경쟁사는
무조건 무조건이야!

광고대행사 가격으로 고객분들께
드리는 파격적인 금액

인기게시물
인기탭
자동완성
계정관리
릴스
블로그
플레이스
디자인기획제작

어떤 업종이든 자동화
시스템으로 다 가능합니다

☎ 1661-9613 24시
☞ 카카오채널 : 인싸닷컴
 @inssa_____official

#제주맛집 #거제도맛집#거제맛집#진주맛집#사천맛집#김해맛집#마산맛집#창원맛집#통영맛집#화명동맛집#대부도맛집 #전주맛집 #동탄맛집 #수원맛집
( 광고 )",hangwanghyeon578,"☎ 1661-9613
@inssa_____official
24시 연중무휴
카카오채널 ㅡ> 인싸닷컴

아직도 고민되시나요??
고민할 사이에 경쟁사는
무조건 무조건이야!

광고대행사 가격으로 고객분들께
드리는 파격적인 금액

인기게시물
인기탭
자동완성
계정관리
릴스
블로그
플레이스
디자인기획제작

어떤 업종이든 자동화
시스템으로 다 가능합니다

☎ 1661-9613 24시
☞ 카카오채널 : 인싸닷컴
@inssa_____official

#제주맛집 #거제도맛집#거제맛집#진주맛집#사천맛집#김해맛집#마산맛집#창원맛집#통영맛집#화명동맛집#대부도맛집 #전주맛집 #동탄맛집 #수원맛집
( 광고 )",
22,2023-10-29,"제주도에서 이 순두부 안먹고오면 섭섭하지,,
색감부터 미친맛을 예상하게 하는 빨간 순두부찌개!
풍자님 또간집 1위로 꼽힌집이라 더더욱 믿먹인곳ㅠ
용암같은 빨간맛에 빠진 몽글몽글한 순두부+간고기 !
여긴 기본반찬도 따로 판매되고 있는 만큼 훌륭하다.
오징어젓갈이랑 깻잎 진짜 맛있어서 밥도둑임,,

💡맵기조절 가능하니 맵찔이들은 참고하길,,

▫️상호명 : 제주도 신해바라기
▫️주소 : 제주 제주시 관덕로13길 13
▫️영업시간 : 11:00~21:00

💌추천메뉴
- 순두부

#제주맛집 #제주도맛집 #애월맛집 #노형동맛집 #서귀포맛집 #제주공항맛집  #순두부맛집",mat.planner,"제주도에서 이 순두부 안먹고오면 섭섭하지,,
색감부터 미친맛을 예상하게 하는 빨간 순두부찌개!
풍자님 또간집 1위로 꼽힌집이라 더더욱 믿먹인곳ㅠ
용암같은 빨간맛에 빠진 몽글몽글한 순두부+간고기 !
여긴 기본반찬도 따로 판매되고 있는 만큼 훌륭하다.
오징어젓갈이랑 깻잎 진짜 맛있어서 밥도둑임,,

💡맵기조절 가능하니 맵찔이들은 참고하길,,

▫️상호명 : 제주도 신해바라기
▫️주소 : 제주 제주시 관덕로13길 13
▫️영업시간 : 11:00~21:00

💌추천메뉴
- 순두부

#제주맛집 #제주도맛집 #애월맛집 #노형동맛집 #서귀포맛집 #제주공항맛집 #순두부맛집",
23,2023-10-29,"Photo by Tasha Barton on October 23, 2023. May be an image of ‎text that says '‎광고&협찬 애월 해안도로 구엄포구에 위치한 찐맛집 #지구상회 회&포차 RA ر6で HRaRa 제주제주시애월읍 애월해안로 7152층 064-746-9080‎'‎.",tashabarton626715,"애월해안도로에 위치한 선주가 직접 ⁣
제주앞바다에서 잡은 생물을 사용하여⁣
질과 양으로 승부하는 진짜 맛집!~⁣
⁣
가게명 : 지구상회⁣
주소 : 애월읍 애월해안로 715 2층⁣
연락처 : 064-746-9080⁣
영업시간 : 오후3시~새벽2시 (수요일 휴무)⁣
⁣
#제주맛집 #제주애월맛집 #애월술집⁣
#애월맛집 #제주도맛집 #제주술집⁣
#제주도술집 #제주여행 #제주도여행⁣
#애월카페 #애월가볼만한곳 #제주핫플⁣
#제주횟집 #제주도횟집 #애월횟집",
24,2023-10-29,"(리그램)

봄이루:)안녕하세요.
민봄여행기 제주2번째 이야기
오픈 하였습니다.
👉 @minbom.travel

이번구성 알차게 준비하였으니
제주여행오실때  꼭 방문해보세요.

❗️애월브런치오
✅️드뎌!신상브런치카페 떳다규
✅️바다뷰?여긴 돌고래뷰도 있다 ㅎ
✅️애월 아침 브런치는 여기밖에없어
✅️브런치플레이트,한우퀘사디아 꼭먹기

📍제주시애월읍애월해안로454-3
☎️0507-1431-4679
🚗주차(가능)
🐶애견,애묘(문의)

❗️로맨틱새우
✅️혹시~여기모르면 제주처음오신겁니다.

✅️제주도민도 가는곳이면 말다했지
✅️새우살이 랍스타식감?(미쳤네)
✅️오늘 로맨틱새우 굿~초이스

📍제주시애월읍곽지1길12-12
☎️0507-1335-1588
🚗주차(가능)
🐶애견,애묘(문의)

❗️애월테라피
✅️마사지로 우수 인증업소받은곳 쉽지않거든~
✅️아로마 스톤테라피라고 알아? 이거요물이네
✅️임산부마사지도 있으니 꼭 받기
✅️네이버예약해서2만원할인받자규~

📍제주시애월읍애월해안로454-5
☎️0507-1410-5775
🚗주차(가능)
🐶애견,애묘(문의)

❗️애월찜
✅️애월필수코스가 되어버린 이곳
✅️제주에서 10년한자리 음식점 쉽지않아
✅️낙지,전복.소갈비 그냥 몸보신이네
✅️도민한테도 사랑받으면 말다한거임

📍제주시애월읍애월해안로454-5
☎️0507-1403-7496
🚗주차(가능)
🐶애견,애묘(문의)

#애월맛집#애월카페#제주맛집
#제주가볼만한곳#제주맛집추천
#제주도가볼만한곳#곽지맛집
#애월가볼만한곳#제주도맛집
#제주가볼만한곳",_jim_enaa,"(리그램)

봄이루:)안녕하세요.
민봄여행기 제주2번째 이야기
오픈 하였습니다.
👉 @minbom.travel

이번구성 알차게 준비하였으니
제주여행오실때 꼭 방문해보세요.

❗️애월브런치오
✅️드뎌!신상브런치카페 떳다규
✅️바다뷰?여긴 돌고래뷰도 있다 ㅎ
✅️애월 아침 브런치는 여기밖에없어
✅️브런치플레이트,한우퀘사디아 꼭먹기

📍제주시애월읍애월해안로454-3
☎️0507-1431-4679
🚗주차(가능)
🐶애견,애묘(문의)

❗️로맨틱새우
✅️혹시~여기모르면 제주처음오신겁니다.

✅️제주도민도 가는곳이면 말다했지
✅️새우살이 랍스타식감?(미쳤네)
✅️오늘 로맨틱새우 굿~초이스

📍제주시애월읍곽지1길12-12
☎️0507-1335-1588
🚗주차(가능)
🐶애견,애묘(문의)

❗️애월테라피
✅️마사지로 우수 인증업소받은곳 쉽지않거든~
✅️아로마 스톤테라피라고 알아? 이거요물이네
✅️임산부마사지도 있으니 꼭 받기
✅️네이버예약해서2만원할인받자규~

📍제주시애월읍애월해안로454-5
☎️0507-1410-5775
🚗주차(가능)
🐶애견,애묘(문의)

❗️애월찜
✅️애월필수코스가 되어버린 이곳
✅️제주에서 10년한자리 음식점 쉽지않아
✅️낙지,전복.소갈비 그냥 몸보신이네
✅️도민한테도 사랑받으면 말다한거임

📍제주시애월읍애월해안로454-5
☎️0507-1403-7496
🚗주차(가능)
🐶애견,애묘(문의)

#애월맛집#애월카페#제주맛집
#제주가볼만한곳#제주맛집추천
#제주도가볼만한곳#곽지맛집
#애월가볼만한곳#제주도맛집
#제주가볼만한곳",
25,2023-10-29,"(협찬)⁣
애월해안도로에 위치한 선주가 직접 ⁣
제주앞바다에서 잡은 생물을 사용하여⁣
질과 양으로 승부하는 진짜 맛집!~⁣
⁣
가게명 : 지구상회⁣
주소 : 애월읍 애월해안로 715 2층⁣
연락처 : 064-746-9080⁣
영업시간 : 오후3시~새벽2시 (수요일 휴무)⁣
⁣
#애월맛집 #제주애월맛집 #애월술집⁣
#제주맛집 #제주도맛집 #제주술집⁣
#제주도술집 #제주여행 #제주도여행⁣
#애월카페 #애월가볼만한곳 #제주핫플⁣
#제주횟집 #제주도횟집 #애월횟집",shawngalvan229669,"(협찬)⁣
애월해안도로에 위치한 선주가 직접 ⁣
제주앞바다에서 잡은 생물을 사용하여⁣
질과 양으로 승부하는 진짜 맛집!~⁣
⁣
가게명 : 지구상회⁣
주소 : 애월읍 애월해안로 715 2층⁣
연락처 : 064-746-9080⁣
영업시간 : 오후3시~새벽2시 (수요일 휴무)⁣
⁣
#애월맛집 #제주애월맛집 #애월술집⁣
#제주맛집 #제주도맛집 #제주술집⁣
#제주도술집 #제주여행 #제주도여행⁣
#애월카페 #애월가볼만한곳 #제주핫플⁣
#제주횟집 #제주도횟집 #애월횟집",
26,2023-10-29,"#제주도여행✈️ 

점심부터 #몽탄 이라니..🥩..❤️
육즙 팡팡에 살살 녹는 우대갈비 최고! 본점으로 또 가고 싶은데 힘들겠지...?🥹
1초도 안 쉬고 꽉꽉 채워 논 2일차도 아주 즐거웠다~~
귀신 나올 것 같던 숲속과 온수풀 잊지 못해~

#찐선투어 #제주맛집 #제주도맛집 #제주도핫플레이스 #제주숙소 #고산온 #여행기록",jin2_0v0,"#제주도여행✈️

점심부터 #몽탄 이라니..🥩..❤️
육즙 팡팡에 살살 녹는 우대갈비 최고! 본점으로 또 가고 싶은데 힘들겠지...?🥹
1초도 안 쉬고 꽉꽉 채워 논 2일차도 아주 즐거웠다~~
귀신 나올 것 같던 숲속과 온수풀 잊지 못해~

#찐선투어 #제주맛집 #제주도맛집 #제주도핫플레이스 #제주숙소 #고산온 #여행기록",
2023-10-31,"(리그램) @tempo_dininglounge

제주 속 작은 나라, 템포 다이닝 라운지

템포에서 다양한 경험을 선물해 드립니다.

▪️프랑스 스타일의 폴비앙 베이커리&카페

▪️5성급 호텔 출신 셰프의 최상급 한우 오마카세

▪️전문 바텐더가 조합한 50여개의 샴페인 페어링 코스

어디에서도 경험할 수 없는 최고의 여행을 선사해 드리겠습니다.

제주 속 작은 라라랜드를 느껴보세요.

#제주맛집#제주핫플#제주가볼만한곳#제주도가볼만한곳#제주핫플레이스#제주도핫플#제주도핫플레이스#제주데이트코스#제주데이트#제주사진찍기좋은곳#제주서쪽여행",do_._arcia13eb,"(리그램) @tempo_dininglounge

제주 속 작은 나라, 템포 다이닝 라운지

템포에서 다양한 경험을 선물해 드립니다.

▪️프랑스 스타일의 폴비앙 베이커리&카페

▪️5성급 호텔 출신 셰프의 최상급 한우 오마카세

▪️전문 바텐더가 조합한 50여개의 샴페인 페어링 코스

어디에서도 경험할 수 없는 최고의 여행을 선사해 드리겠습니다.

제주 속 작은 라라랜드를 느껴보세요.

#제주맛집#제주핫플#제주가볼만한곳#제주도가볼만한곳#제주핫플레이스#제주도핫플#제주도핫플레이스#제주데이트코스#제주데이트#제주사진찍기좋은곳#제주서쪽여행"
2023-10-31,"(리그램) @tempo_dininglounge

한우 오마카세 페어링 전문, '템포 다이닝 라운지'

5성급 호텔 출신 셰프님이 직접 선정한 메뉴로

최고급 한우와 다양한 주류까지 페어링하여 즐기실 수 있습니다.

여러가지 식사 메뉴와 커피까지!

오직 템포에서만 경험할 수 있는 맛과 문화,

템포 다이닝 라운지로 초대합니다.

▪️제주 서귀포시 안덕면 신화역사로304번길 98
▪매일 12:00-02:00
▪️캐치테이블 | 064-909-2233

#제주맛집#제주핫플#제주가볼만한곳#제주도가볼만한곳#제주핫플레이스#제주도핫플#제주도핫플레이스#제주데이트코스#제주데이트#제주사진찍기좋은곳#제주서쪽여행",jiho_raon_6_610,"(리그램) @tempo_dininglounge

한우 오마카세 페어링 전문, '템포 다이닝 라운지'

5성급 호텔 출신 셰프님이 직접 선정한 메뉴로

최고급 한우와 다양한 주류까지 페어링하여 즐기실 수 있습니다.

여러가지 식사 메뉴와 커피까지!

오직 템포에서만 경험할 수 있는 맛과 문화,

템포 다이닝 라운지로 초대합니다.

▪️제주 서귀포시 안덕면 신화역사로304번길 98
▪매일 12:00-02:00
▪️캐치테이블 | 064-909-2233

#제주맛집#제주핫플#제주가볼만한곳#제주도가볼만한곳#제주핫플레이스#제주도핫플#제주도핫플레이스#제주데이트코스#제주데이트#제주사진찍기좋은곳#제주서쪽여행"
2023-10-31,"제주시 시청 #이도농원 

안녕하세요. 우니저입니다🤓

노형농원에서 시작해 역삼농원까지 확장한 닭도리탕맛집으로 다녀왔어요🏄🏻‍♂️🏄🏻‍♂️
(저희는 제주시청에 위치한 이도농원으로)

저희는 모닭치기와 야채튀김을 추가해서 먹었어요🙋🏻‍♂️🙋🏻‍♂️

일단 모닭치기 이름답게 닭도리탕과 순대, 모둠튀김(오징어, 야채, 고구마, 양파 등)이 같이 나왔어요😁😁

비쥬얼에서부터 너무 맛있어보였는데, 매콤달콤한 소스가 정말 맛있었어요🍗🍗

곱도리탕은 국물이 

같이 주시는 찹쌀순대?도 짭조름해서 맛있었는데, 소스랑도 잘 어울렸어요🌯🌯

이곳의 킥 메뉴는 바로 튀김이였는데, 모닭치기에 나왔던 튀김이 너무 맛있어서 추가로 주문까지했는데, 그냥 먹어도 고소한데 닭도리탕 소스와도 잘 어울렸어요👍👍

추가로 주문한 야채튀김은 정말 산처럼 쌓아주셔서 놀랐고, 뜨끈뜨끈해서 너무 맛있었어요🧅🥔
(꼭,,,추가해서 드세요)

🥢위치 : 제주시 서광로32길 34, 1층
🥢시간 : 17:00 ~ 01:00
🥢브레이크타임 : -
🥢가격 : 사진참고

#제주도맛집#제주맛집#제주시맛집#신제주맛집#구제주맛집#서귀포맛집#제주여행#먹스타그램#맛스타그램#노포맛집#instafood#아저씨맛집#도민맛집#제주맛집추천#제주시맛집추천#서귀포맛집추천#도민맛집추천#맛따라멋따라#숨띠로드#숨띠로드_제주시#숨띠로드_시청#제주시청맛집",gemurosa,"제주시 시청 #이도농원

안녕하세요. 우니저입니다🤓

노형농원에서 시작해 역삼농원까지 확장한 닭도리탕맛집으로 다녀왔어요🏄🏻‍♂️🏄🏻‍♂️
(저희는 제주시청에 위치한 이도농원으로)

저희는 모닭치기와 야채튀김을 추가해서 먹었어요🙋🏻‍♂️🙋🏻‍♂️

일단 모닭치기 이름답게 닭도리탕과 순대, 모둠튀김(오징어, 야채, 고구마, 양파 등)이 같이 나왔어요😁😁

비쥬얼에서부터 너무 맛있어보였는데, 매콤달콤한 소스가 정말 맛있었어요🍗🍗

곱도리탕은 국물이

같이 주시는 찹쌀순대?도 짭조름해서 맛있었는데, 소스랑도 잘 어울렸어요🌯🌯

이곳의 킥 메뉴는 바로 튀김이였는데, 모닭치기에 나왔던 튀김이 너무 맛있어서 추가로 주문까지했는데, 그냥 먹어도 고소한데 닭도리탕 소스와도 잘 어울렸어요👍👍

추가로 주문한 야채튀김은 정말 산처럼 쌓아주셔서 놀랐고, 뜨끈뜨끈해서 너무 맛있었어요🧅🥔
(꼭,,,추가해서 드세요)

🥢위치 : 제주시 서광로32길 34, 1층
🥢시간 : 17:00 ~ 01:00
🥢브레이크타임 : -
🥢가격 : 사진참고

#제주도맛집#제주맛집#제주시맛집#신제주맛집#구제주맛집#서귀포맛집#제주여행#먹스타그램#맛스타그램#노포맛집#instafood#아저씨맛집#도민맛집#제주맛집추천#제주시맛집추천#서귀포맛집추천#도민맛집추천#맛따라멋따라#숨띠로드#숨띠로드_제주시#숨띠로드_시청#제주시청맛집"
2023-10-31,"(광고) 수라상에도 오늘 고~급 디저트 주악 전문점
💛뽕끄레 주악💛

JMT 개성주악을 제주식으로 표현한
'뽕끄레 주악'🍊🍊

오로지 '뽕끄레 주악'에서만 맛 볼수 있는🧡
제주스러운 디저트!!😍

입맛대로 골라 먹는 12가지 토핑이😲
잔~뜩 올라간 주악!!🌈🌈
제주 티 베리에이션 음료와 같이 즐겨보자!!🍹

제주 공항 바로 근처에 있으니까✈️🛬
방문하기도 너무 편하잖아
제주 여행 필수코스로 찜!! 🚗🚙

🧭뽕끄레주악

주소 : 제주 제주시 동문로4길 7 1층 2호 뽕끄레주악
문의 : 0507-1398-5540
영업 : 매일 10:00 ~ 20:00

#동문시장맛집
#제주맛집
#동문시장야시장
#제주동문시장맛집
#제주야시장
#제주디저트
#제주공항근처카페
#탑동맛집
#제주디저트카페
#동문시장맛집추천
#동문시장먹거리",goyad_b._g_sooo,"(광고) 수라상에도 오늘 고~급 디저트 주악 전문점
💛뽕끄레 주악💛

JMT 개성주악을 제주식으로 표현한
'뽕끄레 주악'🍊🍊

오로지 '뽕끄레 주악'에서만 맛 볼수 있는🧡
제주스러운 디저트!!😍

입맛대로 골라 먹는 12가지 토핑이😲
잔~뜩 올라간 주악!!🌈🌈
제주 티 베리에이션 음료와 같이 즐겨보자!!🍹

제주 공항 바로 근처에 있으니까✈️🛬
방문하기도 너무 편하잖아
제주 여행 필수코스로 찜!! 🚗🚙

🧭뽕끄레주악

주소 : 제주 제주시 동문로4길 7 1층 2호 뽕끄레주악
문의 : 0507-1398-5540
영업 : 매일 10:00 ~ 20:00

#동문시장맛집
#제주맛집
#동문시장야시장
#제주동문시장맛집
#제주야시장
#제주디저트
#제주공항근처카페
#탑동맛집
#제주디저트카페
#동문시장맛집추천
#동문시장먹거리"
2023-10-31,"직화구이 불향제대로인 등갈비 구이라구요?🥹
20년의 전통이 있는 등갈비 장인의 맛집 
제주도에서 등갈비 일등인 곳입니다. 

1차로 가기 딱 좋은 고깃집인데 육즙이 팡팡터지는
등갈비에 불향이 싸~~악 입혀져서 너무 맛있음!

국수랑 같이 살코가 말아먹음 꿀맛이라 이조합
완전 추천🤍

🚗돼지촌 제주본점- 제주 제주시 원노형남1길 28

#등갈비 #등갈비구이 #등갈비맛집 #돼지갈비 #돼지갈비맛집 #갈비맛집",_yamiyomi_,"직화구이 불향제대로인 등갈비 구이라구요?🥹
20년의 전통이 있는 등갈비 장인의 맛집
제주도에서 등갈비 일등인 곳입니다.

1차로 가기 딱 좋은 고깃집인데 육즙이 팡팡터지는
등갈비에 불향이 싸~~악 입혀져서 너무 맛있음!

국수랑 같이 살코가 말아먹음 꿀맛이라 이조합
완전 추천🤍

🚗돼지촌 제주본점- 제주 제주시 원노형남1길 28

#등갈비 #등갈비구이 #등갈비맛집 #돼지갈비 #돼지갈비맛집 #갈비맛집"
2023-10-31,"제주도가서 갈치 안먹고오면 섭섭하지,,
근데 이제 가시 다 발라져 나오는 갈치조림;;
안그래도 가시 발라먹기 귀찮아서 뒷전이었는데
순살 갈치조림이면 무조건 먹으러 가야함!
양념은 꽤나 자극적이라 밥 두공기는 거뜬히 뿌심,,
순살이라 먹기 진짜 편하고 생각보다 양도 많다.

💡당연히 통갈치보단 얇지만 이정도면 정말 만족,,

▫️상호명 : 제주도 번네식당
▫️주소 : 제주 서귀포시 안덕면 산방로 16 
▫️영업시간 : 10:00~16:00 수 휴무

💌추천메뉴
- 뼈없는 은갈치조림

#제주맛집 #제주도맛집 #서귀포맛집 #제주도갈치 #갈치맛집 #갈치조림 #순살갈치조림",mat.planner,"제주도가서 갈치 안먹고오면 섭섭하지,,
근데 이제 가시 다 발라져 나오는 갈치조림;;
안그래도 가시 발라먹기 귀찮아서 뒷전이었는데
순살 갈치조림이면 무조건 먹으러 가야함!
양념은 꽤나 자극적이라 밥 두공기는 거뜬히 뿌심,,
순살이라 먹기 진짜 편하고 생각보다 양도 많다.

💡당연히 통갈치보단 얇지만 이정도면 정말 만족,,

▫️상호명 : 제주도 번네식당
▫️주소 : 제주 서귀포시 안덕면 산방로 16
▫️영업시간 : 10:00~16:00 수 휴무

💌추천메뉴
- 뼈없는 은갈치조림

#제주맛집 #제주도맛집 #서귀포맛집 #제주도갈치 #갈치맛집 #갈치조림 #순살갈치조림"
2023-10-31,"(광고)지만 진심으로 추천해주고 싶은
노을오션뷰 흑돼지 맛집 ""뚱딴지 애월본점""

15가지 한방약재와,활돌문어,활전복
그리고 토종오골계가 통째로 들어가서
원기회복과 퀄리티높은 맛까지 더해져
부모님을 꼭모셔야할 필수코스!!😍
전국최초! 특허받은 활오복탕이라 
오직 뚱딴지 애월본점에서만 맛볼수있고👍

멋진노을뷰👀를 바라보면서 야외테라스에서
육즙이 가득하고 부드러운❤❤ 
JMT!! 제주 1등급 흑돼지도
즐길수있고 맛있게 먹는 3가지 방법까지
알려주시니 마무리로 슬러쉬 쏘주까지!
망설이지말고 롸잇나우!!👉👉

🧭뚱딴지 애월본점
📒제주 제주시 애월읍 부룡수길 17
📞0507-1370-2085

#애월맛집
#애월술집
#애월점심추천
#애월밥집
#애월항맛집
#애월여행
#애월바다
#애월데이트코스
#애월점심식사
#제주애월가볼만한곳
#제주애월점심
#제주애월흑돼지맛집
#제주맛집
#제주시맛집",h._nnahwal_h8,"(광고)지만 진심으로 추천해주고 싶은
노을오션뷰 흑돼지 맛집 ""뚱딴지 애월본점""

15가지 한방약재와,활돌문어,활전복
그리고 토종오골계가 통째로 들어가서
원기회복과 퀄리티높은 맛까지 더해져
부모님을 꼭모셔야할 필수코스!!😍
전국최초! 특허받은 활오복탕이라
오직 뚱딴지 애월본점에서만 맛볼수있고👍

멋진노을뷰👀를 바라보면서 야외테라스에서
육즙이 가득하고 부드러운❤❤
JMT!! 제주 1등급 흑돼지도
즐길수있고 맛있게 먹는 3가지 방법까지
알려주시니 마무리로 슬러쉬 쏘주까지!
망설이지말고 롸잇나우!!👉👉

🧭뚱딴지 애월본점
📒제주 제주시 애월읍 부룡수길 17
📞0507-1370-2085

#애월맛집
#애월술집
#애월점심추천
#애월밥집
#애월항맛집
#애월여행
#애월바다
#애월데이트코스
#애월점심식사
#제주애월가볼만한곳
#제주애월점심
#제주애월흑돼지맛집
#제주맛집
#제주시맛집"
2023-10-31,"@jeju_haejeo

제주의 푸른 바다뷰와 함께 하는 해저에서는
336시간이라는 기다림의 숙성으로 맛을 더한
‘제주 흑돼지 구이’ 와 더해 ‘제주 딱새우회’ 도 함께 즐기실 수 있습니다.
식재료 모두 직접 선별하여 최상급으로 사용하고 있습니다!

밑반찬, 사이드메뉴 하나하나
전부 많은 연구를 거듭해 완성했습니다

전좌석이 제주도의 오션뷰를 느끼며 식사 하실 수 있습니다 :-)
제주에서의 행복한 기억과 특별한 시간을 보내기에 
최적화된 장소라고 자부할 수 있습니다.

손님분들의 편안하고 쾌적한 식사, 가장 맛있게 고기를 드실 수 있게
저희 해저는 직원들이 직접 그릴링 서비스도 함께 제공합니다 

넓은 주차공간과 아기의자도 구비되어있어
더욱 편안하게 즐기실 수 있습니다 !

제주의 모든 시간대의 풍경을 실시간으로 즐기며
잊지 못할 추억을 쌓으시길 바래요☺

⠀
⊙제주시 한립읍 귀덕리 4169-3
⊙070-8817-3000
⊙open 11:00~22:00 / last order 21:00
⊙가게뒷편 주차가능, 해안도로 주차가능
⊙6인 단체석 보유, 애견 출입 불가능
 

⠀
#한림맛집 #제주한림맛집 #제주맛집 #제주흑돼지맛집 #제주흑돼지 #제주도흑돼지맛집 #제주도흑돼지 #한림흑돼지 #한림흑돼지맛집 #협재흑돼지 #협재흑돼지맛집 #제주도맛집 #애월맛집 #애월고기맛집 #제주노을맛집 #제주한림맛집",giou87n,"@jeju_haejeo

제주의 푸른 바다뷰와 함께 하는 해저에서는
336시간이라는 기다림의 숙성으로 맛을 더한
‘제주 흑돼지 구이’ 와 더해 ‘제주 딱새우회’ 도 함께 즐기실 수 있습니다.
식재료 모두 직접 선별하여 최상급으로 사용하고 있습니다!

밑반찬, 사이드메뉴 하나하나
전부 많은 연구를 거듭해 완성했습니다

전좌석이 제주도의 오션뷰를 느끼며 식사 하실 수 있습니다 :-)
제주에서의 행복한 기억과 특별한 시간을 보내기에
최적화된 장소라고 자부할 수 있습니다.

손님분들의 편안하고 쾌적한 식사, 가장 맛있게 고기를 드실 수 있게
저희 해저는 직원들이 직접 그릴링 서비스도 함께 제공합니다

넓은 주차공간과 아기의자도 구비되어있어
더욱 편안하게 즐기실 수 있습니다 !

제주의 모든 시간대의 풍경을 실시간으로 즐기며
잊지 못할 추억을 쌓으시길 바래요☺

⠀
⊙제주시 한립읍 귀덕리 4169-3
⊙070-8817-3000
⊙open 11:00~22:00 / last order 21:00
⊙가게뒷편 주차가능, 해안도로 주차가능
⊙6인 단체석 보유, 애견 출입 불가능


⠀
#한림맛집 #제주한림맛집 #제주맛집 #제주흑돼지맛집 #제주흑돼지 #제주도흑돼지맛집 #제주도흑돼지 #한림흑돼지 #한림흑돼지맛집 #협재흑돼지 #협재흑돼지맛집 #제주도맛집 #애월맛집 #애월고기맛집 #제주노을맛집 #제주한림맛집"
2023-10-31,"""지구상회""

애월해안도로 유일한 회ㆍ포차
신선한 활어회와 다양한 볶음류와 구이
환상적인 오션뷰를 지닌 루프탑 

새벽2시까지 영업

상호 : 지구상회
위치 : 애월읍 애월해안로 715 2층
전화 : 064-746-9080
영업 : 오후3시~새벽2시

@earthmarket_jeju

매주 수요일 휴무",jenniferhumphrey525253,"""지구상회""

애월해안도로 유일한 회ㆍ포차
신선한 활어회와 다양한 볶음류와 구이
환상적인 오션뷰를 지닌 루프탑

새벽2시까지 영업

상호 : 지구상회
위치 : 애월읍 애월해안로 715 2층
전화 : 064-746-9080
영업 : 오후3시~새벽2시

@earthmarket_jeju

매주 수요일 휴무"
2023-10-31,"(리그램) @tempo_dininglounge

한우 오마카세 페어링 전문, '템포 다이닝 라운지'

5성급 호텔 출신 셰프님이 직접 선정한 메뉴로

최고급 한우와 다양한 주류까지 페어링하여 즐기실 수 있습니다.

여러가지 식사 메뉴와 커피까지!

오직 템포에서만 경험할 수 있는 맛과 문화,

템포 다이닝 라운지로 초대합니다.

▪️제주 서귀포시 안덕면 신화역사로304번길 98
▪매일 12:00-02:00
▪️캐치테이블 | 064-909-2233

#제주맛집#제주핫플#제주가볼만한곳#제주도가볼만한곳#제주핫플레이스#제주도핫플#제주도핫플레이스#제주데이트코스#제주데이트#제주사진찍기좋은곳#제주서쪽여행",nataliemayt342,"(리그램) @tempo_dininglounge

한우 오마카세 페어링 전문, '템포 다이닝 라운지'

5성급 호텔 출신 셰프님이 직접 선정한 메뉴로

최고급 한우와 다양한 주류까지 페어링하여 즐기실 수 있습니다.

여러가지 식사 메뉴와 커피까지!

오직 템포에서만 경험할 수 있는 맛과 문화,

템포 다이닝 라운지로 초대합니다.

▪️제주 서귀포시 안덕면 신화역사로304번길 98
▪매일 12:00-02:00
▪️캐치테이블 | 064-909-2233

#제주맛집#제주핫플#제주가볼만한곳#제주도가볼만한곳#제주핫플레이스#제주도핫플#제주도핫플레이스#제주데이트코스#제주데이트#제주사진찍기좋은곳#제주서쪽여행"
2023-10-31,"(협찬)제주도에서 양꼬치는 언제나 우리의 원픽!
묻지도 따지지도 않고 갈수있는곳👍
어제먹고 오늘먹고 내일도 갈수있는맛집😋

양꼬치.양갈비꼬치.오돌뼈꼬치
꼬치종류가 많은데 진심 다 맛있음😍

여긴 진짜 술이술술 들어가는곳!
그래서 술좋아하는사람들은 사실 조심해야됨!🤭
주방장님 볶음요리 솜씨가 아주 최상급이라
술값이 어마무시하게 나온다는사실🤣🤣

탄탄흑돈양꼬치 @tantan__1687/
📍제주시 한림읍 한림로 687
☎️064-796-1687

#한림맛집
#한림술집
#제주도양꼬치
#제주맛집
#제주도민맛집
#애월맛집
#협재맛집
#제주맛집추천
#제주맛집투어
#제주현지인맛집
#제주양꼬치
#제주양갈비
#한림양꼬치",_enelopepowe,"(협찬)제주도에서 양꼬치는 언제나 우리의 원픽!
묻지도 따지지도 않고 갈수있는곳👍
어제먹고 오늘먹고 내일도 갈수있는맛집😋

양꼬치.양갈비꼬치.오돌뼈꼬치
꼬치종류가 많은데 진심 다 맛있음😍

여긴 진짜 술이술술 들어가는곳!
그래서 술좋아하는사람들은 사실 조심해야됨!🤭
주방장님 볶음요리 솜씨가 아주 최상급이라
술값이 어마무시하게 나온다는사실🤣🤣

탄탄흑돈양꼬치 @tantan__1687/
📍제주시 한림읍 한림로 687
☎️064-796-1687

#한림맛집
#한림술집
#제주도양꼬치
#제주맛집
#제주도민맛집
#애월맛집
#협재맛집
#제주맛집추천
#제주맛집투어
#제주현지인맛집
#제주양꼬치
#제주양갈비
#한림양꼬치"
2023-10-31,"Photo by John Hoffman on October 20, 2023. May be an image of text that says '광고&협찬 애월 해안도로 구엄포구에 위치한 찐맛집 #지구상회 회&포차 ui RA ๕26) 바스크레ㅋ are3 ka 제주제주시애월읍 애월해안로 제주제주시어월을아월이안로752층 7152층 064-7 064-746-9080'.",johnhoffman259493,"애월해안도로에 위치한 선주가 직접 ⁣
제주앞바다에서 잡은 생물을 사용하여⁣
질과 양으로 승부하는 진짜 맛집!~⁣
⁣
가게명 : 지구상회⁣
주소 : 애월읍 애월해안로 715 2층⁣
연락처 : 064-746-9080⁣
영업시간 : 오후3시~새벽2시 (수요일 휴무)⁣
⁣
#제주맛집 #제주애월맛집 #애월술집⁣
#애월맛집 #제주도맛집 #제주술집⁣
#제주도술집 #제주여행 #제주도여행⁣
#애월카페 #애월가볼만한곳 #제주핫플⁣
#제주횟집 #제주도횟집 #애월횟집"
2023-10-31,"(광고)지만 진심으로 추천해주고 싶은
노을오션뷰 흑돼지 맛집 ""뚱딴지 애월본점""

15가지 한방약재와,활돌문어,활전복
그리고 토종오골계가 통째로 들어가서
원기회복과 퀄리티높은 맛까지 더해져
부모님을 꼭모셔야할 필수코스!!😍
전국최초! 특허받은 활오복탕이라 
오직 뚱딴지 애월본점에서만 맛볼수있고👍

멋진노을뷰👀를 바라보면서 야외테라스에서
육즙이 가득하고 부드러운❤❤ 
JMT!! 제주 1등급 흑돼지도
즐길수있고 맛있게 먹는 3가지 방법까지
알려주시니 마무리로 슬러쉬 쏘주까지!
망설이지말고 롸잇나우!!👉👉

🧭뚱딴지 애월본점
📒제주 제주시 애월읍 부룡수길 17
📞0507-1370-2085

#애월맛집
#애월술집
#애월점심추천
#애월밥집
#애월항맛집
#애월여행
#애월바다
#애월데이트코스
#애월점심식사
#제주애월가볼만한곳
#제주애월점심
#제주애월흑돼지맛집
#제주맛집
#제주시맛집",fnn_li_lee_,"(광고)지만 진심으로 추천해주고 싶은
노을오션뷰 흑돼지 맛집 ""뚱딴지 애월본점""

15가지 한방약재와,활돌문어,활전복
그리고 토종오골계가 통째로 들어가서
원기회복과 퀄리티높은 맛까지 더해져
부모님을 꼭모셔야할 필수코스!!😍
전국최초! 특허받은 활오복탕이라
오직 뚱딴지 애월본점에서만 맛볼수있고👍

멋진노을뷰👀를 바라보면서 야외테라스에서
육즙이 가득하고 부드러운❤❤
JMT!! 제주 1등급 흑돼지도
즐길수있고 맛있게 먹는 3가지 방법까지
알려주시니 마무리로 슬러쉬 쏘주까지!
망설이지말고 롸잇나우!!👉👉

🧭뚱딴지 애월본점
📒제주 제주시 애월읍 부룡수길 17
📞0507-1370-2085

#애월맛집
#애월술집
#애월점심추천
#애월밥집
#애월항맛집
#애월여행
#애월바다
#애월데이트코스
#애월점심식사
#제주애월가볼만한곳
#제주애월점심
#제주애월흑돼지맛집
#제주맛집
#제주시맛집"
2023-10-31,"음료 마시기가 아까운 적은 처음임;; 젤리소다로 유명한 #제주#카페치즈태비

구슬처럼 이쁜 젤리가 소다 위에 올라가있음! 기분 탓인지 모르겠지만 색깔별로 맛이 다른 느낌~ 엄청 쫀득하고 탱글해서 맛있게 먹음 ㅎㅎ 

배고파서 시킨 카야토스트도 존맛이였음. 계란을 발라 먹으면 고소함이 업!! 포토존도 많으니까 제주 여행중에 꼭 가보길~

👦🏻카페 치즈태비
👦🏻제주 제주시 구좌읍 행원로7길 18-9 카페치즈태비

#푸썸_제주",_food_some,"음료 마시기가 아까운 적은 처음임;; 젤리소다로 유명한 #제주#카페치즈태비

구슬처럼 이쁜 젤리가 소다 위에 올라가있음! 기분 탓인지 모르겠지만 색깔별로 맛이 다른 느낌~ 엄청 쫀득하고 탱글해서 맛있게 먹음 ㅎㅎ

배고파서 시킨 카야토스트도 존맛이였음. 계란을 발라 먹으면 고소함이 업!! 포토존도 많으니까 제주 여행중에 꼭 가보길~

👦🏻카페 치즈태비
👦🏻제주 제주시 구좌읍 행원로7길 18-9 카페치즈태비

#푸썸_제주"
2023-10-31,"(협찬)제주도에서 양꼬치는 언제나 우리의 원픽!
묻지도 따지지도 않고 갈수있는곳👍
어제먹고 오늘먹고 내일도 갈수있는맛집😋

양꼬치.양갈비꼬치.오돌뼈꼬치
꼬치종류가 많은데 진심 다 맛있음😍

여긴 진짜 술이술술 들어가는곳!
그래서 술좋아하는사람들은 사실 조심해야됨!🤭
주방장님 볶음요리 솜씨가 아주 최상급이라
술값이 어마무시하게 나온다는사실🤣🤣

탄탄흑돈양꼬치 @tantan__1687/
📍제주시 한림읍 한림로 687
☎️064-796-1687

#한림맛집
#한림술집
#제주도양꼬치
#제주맛집
#제주도민맛집
#애월맛집
#협재맛집
#제주맛집추천
#제주맛집투어
#제주현지인맛집
#제주양꼬치
#제주양갈비
#한림양꼬치",tf_i._alinne_,"(협찬)제주도에서 양꼬치는 언제나 우리의 원픽!
묻지도 따지지도 않고 갈수있는곳👍
어제먹고 오늘먹고 내일도 갈수있는맛집😋

양꼬치.양갈비꼬치.오돌뼈꼬치
꼬치종류가 많은데 진심 다 맛있음😍

여긴 진짜 술이술술 들어가는곳!
그래서 술좋아하는사람들은 사실 조심해야됨!🤭
주방장님 볶음요리 솜씨가 아주 최상급이라
술값이 어마무시하게 나온다는사실🤣🤣

탄탄흑돈양꼬치 @tantan__1687/
📍제주시 한림읍 한림로 687
☎️064-796-1687

#한림맛집
#한림술집
#제주도양꼬치
#제주맛집
#제주도민맛집
#애월맛집
#협재맛집
#제주맛집추천
#제주맛집투어
#제주현지인맛집
#제주양꼬치
#제주양갈비
#한림양꼬치"
2023-10-31,"(광고) 수라상에도 오늘 고~급 디저트 주악 전문점
💛뽕끄레 주악💛

JMT 개성주악을 제주식으로 표현한
'뽕끄레 주악'🍊🍊

오로지 '뽕끄레 주악'에서만 맛 볼수 있는🧡
제주스러운 디저트!!😍

입맛대로 골라 먹는 12가지 토핑이😲
잔~뜩 올라간 주악!!🌈🌈
제주 티 베리에이션 음료와 같이 즐겨보자!!🍹

제주 공항 바로 근처에 있으니까✈️🛬
방문하기도 너무 편하잖아
제주 여행 필수코스로 찜!! 🚗🚙

🧭뽕끄레주악

주소 : 제주 제주시 동문로4길 7 1층 2호 뽕끄레주악
문의 : 0507-1398-5540
영업 : 매일 10:00 ~ 20:00

#동문시장맛집
#제주맛집
#동문시장야시장
#제주동문시장맛집
#제주야시장
#제주디저트
#제주공항근처카페
#탑동맛집
#제주디저트카페
#동문시장맛집추천
#동문시장먹거리",h._r__._nm._992,"(광고) 수라상에도 오늘 고~급 디저트 주악 전문점
💛뽕끄레 주악💛

JMT 개성주악을 제주식으로 표현한
'뽕끄레 주악'🍊🍊

오로지 '뽕끄레 주악'에서만 맛 볼수 있는🧡
제주스러운 디저트!!😍

입맛대로 골라 먹는 12가지 토핑이😲
잔~뜩 올라간 주악!!🌈🌈
제주 티 베리에이션 음료와 같이 즐겨보자!!🍹

제주 공항 바로 근처에 있으니까✈️🛬
방문하기도 너무 편하잖아
제주 여행 필수코스로 찜!! 🚗🚙

🧭뽕끄레주악

주소 : 제주 제주시 동문로4길 7 1층 2호 뽕끄레주악
문의 : 0507-1398-5540
영업 : 매일 10:00 ~ 20:00

#동문시장맛집
#제주맛집
#동문시장야시장
#제주동문시장맛집
#제주야시장
#제주디저트
#제주공항근처카페
#탑동맛집
#제주디저트카페
#동문시장맛집추천
#동문시장먹거리"
2023-10-31,"광고
리그램 @hot2_jeju

오션뷰가 너무나 아름다운 향토음식점
제주정지♥

눈앞에 에메랄드빛 바다를 보고 있으면 멍 때리게 되지만
그것도 잠시 담백한 냄새와 함께 다가오는 푸짐한 한상차림을
본다면 침 꼴깍 삼키며 빠르게 스캔해버린다구😋

27년 갈치만 바라보며 노하우가 담긴 푸짐한
해산물과 매콤달콤 갈치조림이 생각난다면👇👇

🧭제주정지

주소 : 제주 제주시 서해안로 480 제주정지 2층단독건물
영업 : 매일08:00 - 21:30 브레이크타임15:30 - 17:00 라스트오더 20:30
번호 : 064-711-0810

#제주시맛집 #제주공항근처맛집
#제주맛집 #제주도맛집
#용두암맛집 #제주시내맛집
#제주갈치조림맛집 #제주도갈치조림맛집
#제주시갈치조림맛집 #제주시갈치조림",afforestt_210,"광고
리그램 @hot2_jeju

오션뷰가 너무나 아름다운 향토음식점
제주정지♥

눈앞에 에메랄드빛 바다를 보고 있으면 멍 때리게 되지만
그것도 잠시 담백한 냄새와 함께 다가오는 푸짐한 한상차림을
본다면 침 꼴깍 삼키며 빠르게 스캔해버린다구😋

27년 갈치만 바라보며 노하우가 담긴 푸짐한
해산물과 매콤달콤 갈치조림이 생각난다면👇👇

🧭제주정지

주소 : 제주 제주시 서해안로 480 제주정지 2층단독건물
영업 : 매일08:00 - 21:30 브레이크타임15:30 - 17:00 라스트오더 20:30
번호 : 064-711-0810

#제주시맛집 #제주공항근처맛집
#제주맛집 #제주도맛집
#용두암맛집 #제주시내맛집
#제주갈치조림맛집 #제주도갈치조림맛집
#제주시갈치조림맛집 #제주시갈치조림"
2023-10-31,"(협찬)제주도에서 양꼬치는 언제나 우리의 원픽!
묻지도 따지지도 않고 갈수있는곳👍
어제먹고 오늘먹고 내일도 갈수있는맛집😋

양꼬치.양갈비꼬치.오돌뼈꼬치
꼬치종류가 많은데 진심 다 맛있음😍

여긴 진짜 술이술술 들어가는곳!
그래서 술좋아하는사람들은 사실 조심해야됨!🤭
주방장님 볶음요리 솜씨가 아주 최상급이라
술값이 어마무시하게 나온다는사실🤣🤣

탄탄흑돈양꼬치 @tantan__1687/
📍제주시 한림읍 한림로 687
☎️064-796-1687

#한림맛집
#한림술집
#제주도양꼬치
#제주맛집
#제주도민맛집
#애월맛집
#협재맛집
#제주맛집추천
#제주맛집투어
#제주현지인맛집
#제주양꼬치
#제주양갈비
#한림양꼬치",k__zm2,"(협찬)제주도에서 양꼬치는 언제나 우리의 원픽!
묻지도 따지지도 않고 갈수있는곳👍
어제먹고 오늘먹고 내일도 갈수있는맛집😋

양꼬치.양갈비꼬치.오돌뼈꼬치
꼬치종류가 많은데 진심 다 맛있음😍

여긴 진짜 술이술술 들어가는곳!
그래서 술좋아하는사람들은 사실 조심해야됨!🤭
주방장님 볶음요리 솜씨가 아주 최상급이라
술값이 어마무시하게 나온다는사실🤣🤣

탄탄흑돈양꼬치 @tantan__1687/
📍제주시 한림읍 한림로 687
☎️064-796-1687

#한림맛집
#한림술집
#제주도양꼬치
#제주맛집
#제주도민맛집
#애월맛집
#협재맛집
#제주맛집추천
#제주맛집투어
#제주현지인맛집
#제주양꼬치
#제주양갈비
#한림양꼬치"
2023-10-31,"Photo by 신김임 on October 30, 2023. May be an image of text that says '광고&협찬 애월 해안도로 구엄포구에 위치한 찐맛집 #지구상회 회&포차 RA て26য 제주제주시애월읍 애월해안로 7152층 064-746-9080'.",hbsyu0984499,"애월해안도로에 위치한 선주가 직접 ⁣
제주앞바다에서 잡은 생물을 사용하여⁣
질과 양으로 승부하는 진짜 맛집!~⁣
⁣
가게명 : 지구상회⁣
주소 : 애월읍 애월해안로 715 2층⁣
연락처 : 064-746-9080⁣
영업시간 : 오후3시~새벽2시 (수요일 휴무)⁣
⁣
#제주맛집 #제주애월맛집 #애월술집⁣
#애월맛집 #제주도맛집 #제주술집⁣
#제주도술집 #제주여행 #제주도여행⁣
#애월카페 #애월가볼만한곳 #제주핫플⁣
#제주횟집 #제주도횟집 #애월횟집"
2023-10-31,"(리그램) @tempo_dininglounge

제주 속 작은 나라, 템포 다이닝 라운지

템포에서 다양한 경험을 선물해 드립니다.

▪️프랑스 스타일의 폴비앙 베이커리&카페

▪️5성급 호텔 출신 셰프의 최상급 한우 오마카세

▪️전문 바텐더가 조합한 50여개의 샴페인 페어링 코스

어디에서도 경험할 수 없는 최고의 여행을 선사해 드리겠습니다.

제주 속 작은 라라랜드를 느껴보세요.

#제주맛집#제주핫플#제주가볼만한곳#제주도가볼만한곳#제주핫플레이스#제주도핫플#제주도핫플레이스#제주데이트코스#제주데이트#제주사진찍기좋은곳#제주서쪽여행",herrelfrenit,"(리그램) @tempo_dininglounge

제주 속 작은 나라, 템포 다이닝 라운지

템포에서 다양한 경험을 선물해 드립니다.

▪️프랑스 스타일의 폴비앙 베이커리&카페

▪️5성급 호텔 출신 셰프의 최상급 한우 오마카세

▪️전문 바텐더가 조합한 50여개의 샴페인 페어링 코스

어디에서도 경험할 수 없는 최고의 여행을 선사해 드리겠습니다.

제주 속 작은 라라랜드를 느껴보세요.

#제주맛집#제주핫플#제주가볼만한곳#제주도가볼만한곳#제주핫플레이스#제주도핫플#제주도핫플레이스#제주데이트코스#제주데이트#제주사진찍기좋은곳#제주서쪽여행"
2023-10-31,"☎ 1661-9613
 @inssa_____official
24시 연중무휴
카카오채널 ㅡ> 인싸닷컴

아직도 고민되시나요??
고민할 사이에 경쟁사는
무조건 무조건이야!

광고대행사 가격으로 고객분들께
드리는 파격적인 금액

인기게시물
인기탭
자동완성
계정관리
릴스
블로그
플레이스
디자인기획제작

어떤 업종이든 자동화
시스템으로 다 가능합니다

☎ 1661-9613 24시
☞ 카카오채널 : 인싸닷컴
 @inssa_____official

#중문맛집 #제주필라테스
#부천눈썹문신 #부천반영구
#제주피부관리 #부천왁싱
#릴스 #부천역맛집 #원종동맛집
#제주맛집
( 협찬 )",jkoesit1102,"☎ 1661-9613
@inssa_____official
24시 연중무휴
카카오채널 ㅡ> 인싸닷컴

아직도 고민되시나요??
고민할 사이에 경쟁사는
무조건 무조건이야!

광고대행사 가격으로 고객분들께
드리는 파격적인 금액

인기게시물
인기탭
자동완성
계정관리
릴스
블로그
플레이스
디자인기획제작

어떤 업종이든 자동화
시스템으로 다 가능합니다

☎ 1661-9613 24시
☞ 카카오채널 : 인싸닷컴
@inssa_____official

#중문맛집 #제주필라테스
#부천눈썹문신 #부천반영구
#제주피부관리 #부천왁싱
#릴스 #부천역맛집 #원종동맛집
#제주맛집
( 협찬 )"
2023-10-31,"Photo by Lisa Barton on October 20, 2023. May be an image of text that says '광고&협찬 애월 해안도로 구엄포구에 위치한 찐맛집 #지구상회 회&포차 RA て的 제주제주시애월읍 애월해안로 7152층 064-746-9080 064-74'.",lisabarton207691,"애월해안도로에 위치한 선주가 직접 ⁣
제주앞바다에서 잡은 생물을 사용하여⁣
질과 양으로 승부하는 진짜 맛집!~⁣
⁣
가게명 : 지구상회⁣
주소 : 애월읍 애월해안로 715 2층⁣
연락처 : 064-746-9080⁣
영업시간 : 오후3시~새벽2시 (수요일 휴무)⁣
⁣
#제주맛집 #제주애월맛집 #애월술집⁣
#애월맛집 #제주도맛집 #제주술집⁣
#제주도술집 #제주여행 #제주도여행⁣
#애월카페 #애월가볼만한곳 #제주핫플⁣
#제주횟집 #제주도횟집 #애월횟집"
2023-10-31,"""지구상회""

애월해안도로 유일한 회ㆍ포차
신선한 활어회와 다양한 볶음류와 구이
환상적인 오션뷰를 지닌 루프탑 

새벽2시까지 영업

상호 : 지구상회
위치 : 애월읍 애월해안로 715 2층
전화 : 064-746-9080
영업 : 오후3시~새벽2시

매주 수요일 휴무

@earthmarket_jeju 

지구상회 대부분의 활어는 저희가 보유하고있는 어선(지구호)에서 직접잡아 저렴하고 싱싱한 상태로 제공해드리고있습니다~

영상출처
yomyom_jeju",kristinaweber541345,"""지구상회""

애월해안도로 유일한 회ㆍ포차
신선한 활어회와 다양한 볶음류와 구이
환상적인 오션뷰를 지닌 루프탑

새벽2시까지 영업

상호 : 지구상회
위치 : 애월읍 애월해안로 715 2층
전화 : 064-746-9080
영업 : 오후3시~새벽2시

매주 수요일 휴무

@earthmarket_jeju

지구상회 대부분의 활어는 저희가 보유하고있는 어선(지구호)에서 직접잡아 저렴하고 싱싱한 상태로 제공해드리고있습니다~

영상출처
yomyom_jeju"
2023-10-31,"(협찬)제주도에서 양꼬치는 언제나 우리의 원픽!
묻지도 따지지도 않고 갈수있는곳👍
어제먹고 오늘먹고 내일도 갈수있는맛집😋

양꼬치.양갈비꼬치.오돌뼈꼬치
꼬치종류가 많은데 진심 다 맛있음😍

여긴 진짜 술이술술 들어가는곳!
그래서 술좋아하는사람들은 사실 조심해야됨!🤭
주방장님 볶음요리 솜씨가 아주 최상급이라
술값이 어마무시하게 나온다는사실🤣🤣

탄탄흑돈양꼬치 @tantan__1687/
📍제주시 한림읍 한림로 687
☎️064-796-1687

#한림맛집
#한림술집
#제주도양꼬치
#제주맛집
#제주도민맛집
#애월맛집
#협재맛집
#제주맛집추천
#제주맛집투어
#제주현지인맛집
#제주양꼬치
#제주양갈비
#한림양꼬치",egriko_yensk,"(협찬)제주도에서 양꼬치는 언제나 우리의 원픽!
묻지도 따지지도 않고 갈수있는곳👍
어제먹고 오늘먹고 내일도 갈수있는맛집😋

양꼬치.양갈비꼬치.오돌뼈꼬치
꼬치종류가 많은데 진심 다 맛있음😍

여긴 진짜 술이술술 들어가는곳!
그래서 술좋아하는사람들은 사실 조심해야됨!🤭
주방장님 볶음요리 솜씨가 아주 최상급이라
술값이 어마무시하게 나온다는사실🤣🤣

탄탄흑돈양꼬치 @tantan__1687/
📍제주시 한림읍 한림로 687
☎️064-796-1687

#한림맛집
#한림술집
#제주도양꼬치
#제주맛집
#제주도민맛집
#애월맛집
#협재맛집
#제주맛집추천
#제주맛집투어
#제주현지인맛집
#제주양꼬치
#제주양갈비
#한림양꼬치"
2023-10-31,"Photo by Tasha Barton on October 23, 2023. May be an image of ‎text that says '‎광고&협찬 애월 해안도로 구엄포구에 위치한 찐맛집 #지구상회 회&포차 RA ر6で HRaRa 제주제주시애월읍 애월해안로 7152층 064-746-9080‎'‎.",tashabarton626715,"애월해안도로에 위치한 선주가 직접 ⁣
제주앞바다에서 잡은 생물을 사용하여⁣
질과 양으로 승부하는 진짜 맛집!~⁣
⁣
가게명 : 지구상회⁣
주소 : 애월읍 애월해안로 715 2층⁣
연락처 : 064-746-9080⁣
영업시간 : 오후3시~새벽2시 (수요일 휴무)⁣
⁣
#제주맛집 #제주애월맛집 #애월술집⁣
#애월맛집 #제주도맛집 #제주술집⁣
#제주도술집 #제주여행 #제주도여행⁣
#애월카페 #애월가볼만한곳 #제주핫플⁣
#제주횟집 #제주도횟집 #애월횟집"
2023-10-31,"(리그램) @suncheunmihyang

😎
제주의 가을
파란바다
파란하늘
파란바람
그리고 고운 마음

순천미향제주산방산본점
제주시 안덕면 사계리
163-1(주차장)

#제주맛집
#고기서만나제주
#신화월드맛집
#오설록맛집
#송악산맛집
#중문맛집
#서귀포맛집
#산방산맛집
#카멜리아힐맛집
#제주산방산맛집
#용머리해안맛집
#제주용머리해안맛집
#안덕면맛집
#한라산
#오설록
#산방산
#용머리해안
#제주도여행
#제주문어요리
#순천미향
#신화월드맛집
#오설록맛집
#송악산맛집
#중문맛집
#서귀포맛집
#산방산맛집
#카멜리아힐맛집
#제주산방산맛집
#용머리해안맛집
#제주용머리해안맛집
#안덕면맛집
#한라산
#오설록
#산방산
#용머리해안
#제주도여행
#제주문어요리
#The best restaurant in Jeju Island
#济州岛美食店",emi__ante5,"(리그램) @suncheunmihyang

😎
제주의 가을
파란바다
파란하늘
파란바람
그리고 고운 마음

순천미향제주산방산본점
제주시 안덕면 사계리
163-1(주차장)

#제주맛집
#고기서만나제주
#신화월드맛집
#오설록맛집
#송악산맛집
#중문맛집
#서귀포맛집
#산방산맛집
#카멜리아힐맛집
#제주산방산맛집
#용머리해안맛집
#제주용머리해안맛집
#안덕면맛집
#한라산
#오설록
#산방산
#용머리해안
#제주도여행
#제주문어요리
#순천미향
#신화월드맛집
#오설록맛집
#송악산맛집
#중문맛집
#서귀포맛집
#산방산맛집
#카멜리아힐맛집
#제주산방산맛집
#용머리해안맛집
#제주용머리해안맛집
#안덕면맛집
#한라산
#오설록
#산방산
#용머리해안
#제주도여행
#제주문어요리
#The best restaurant in Jeju Island
#济州岛美食店"
2023-10-31,"(리그램)

봄이루:)안녕하세요.
민봄여행기 제주2번째 이야기
오픈 하였습니다.
👉 @minbom.travel

이번구성 알차게 준비하였으니
제주여행오실때  꼭 방문해보세요.

❗️애월브런치오
✅️드뎌!신상브런치카페 떳다규
✅️바다뷰?여긴 돌고래뷰도 있다 ㅎ
✅️애월 아침 브런치는 여기밖에없어
✅️브런치플레이트,한우퀘사디아 꼭먹기

📍제주시애월읍애월해안로454-3
☎️0507-1431-4679
🚗주차(가능)
🐶애견,애묘(문의)

❗️로맨틱새우
✅️혹시~여기모르면 제주처음오신겁니다.

✅️제주도민도 가는곳이면 말다했지
✅️새우살이 랍스타식감?(미쳤네)
✅️오늘 로맨틱새우 굿~초이스

📍제주시애월읍곽지1길12-12
☎️0507-1335-1588
🚗주차(가능)
🐶애견,애묘(문의)

❗️애월테라피
✅️마사지로 우수 인증업소받은곳 쉽지않거든~
✅️아로마 스톤테라피라고 알아? 이거요물이네
✅️임산부마사지도 있으니 꼭 받기
✅️네이버예약해서2만원할인받자규~

📍제주시애월읍애월해안로454-5
☎️0507-1410-5775
🚗주차(가능)
🐶애견,애묘(문의)

❗️애월찜
✅️애월필수코스가 되어버린 이곳
✅️제주에서 10년한자리 음식점 쉽지않아
✅️낙지,전복.소갈비 그냥 몸보신이네
✅️도민한테도 사랑받으면 말다한거임

📍제주시애월읍애월해안로454-5
☎️0507-1403-7496
🚗주차(가능)
🐶애견,애묘(문의)

#애월맛집#애월카페#제주맛집
#제주가볼만한곳#제주맛집추천
#제주도가볼만한곳#곽지맛집
#애월가볼만한곳#제주도맛집
#제주가볼만한곳",mi__eibe,"(리그램)

봄이루:)안녕하세요.
민봄여행기 제주2번째 이야기
오픈 하였습니다.
👉 @minbom.travel

이번구성 알차게 준비하였으니
제주여행오실때 꼭 방문해보세요.

❗️애월브런치오
✅️드뎌!신상브런치카페 떳다규
✅️바다뷰?여긴 돌고래뷰도 있다 ㅎ
✅️애월 아침 브런치는 여기밖에없어
✅️브런치플레이트,한우퀘사디아 꼭먹기

📍제주시애월읍애월해안로454-3
☎️0507-1431-4679
🚗주차(가능)
🐶애견,애묘(문의)

❗️로맨틱새우
✅️혹시~여기모르면 제주처음오신겁니다.

✅️제주도민도 가는곳이면 말다했지
✅️새우살이 랍스타식감?(미쳤네)
✅️오늘 로맨틱새우 굿~초이스

📍제주시애월읍곽지1길12-12
☎️0507-1335-1588
🚗주차(가능)
🐶애견,애묘(문의)

❗️애월테라피
✅️마사지로 우수 인증업소받은곳 쉽지않거든~
✅️아로마 스톤테라피라고 알아? 이거요물이네
✅️임산부마사지도 있으니 꼭 받기
✅️네이버예약해서2만원할인받자규~

📍제주시애월읍애월해안로454-5
☎️0507-1410-5775
🚗주차(가능)
🐶애견,애묘(문의)

❗️애월찜
✅️애월필수코스가 되어버린 이곳
✅️제주에서 10년한자리 음식점 쉽지않아
✅️낙지,전복.소갈비 그냥 몸보신이네
✅️도민한테도 사랑받으면 말다한거임

📍제주시애월읍애월해안로454-5
☎️0507-1403-7496
🚗주차(가능)
🐶애견,애묘(문의)

#애월맛집#애월카페#제주맛집
#제주가볼만한곳#제주맛집추천
#제주도가볼만한곳#곽지맛집
#애월가볼만한곳#제주도맛집
#제주가볼만한곳"
2023-11-01,"(리그램) @tempo_dininglounge

한우 오마카세 페어링 전문, '템포 다이닝 라운지'

5성급 호텔 출신 셰프님이 직접 선정한 메뉴로

최고급 한우와 다양한 주류까지 페어링하여 즐기실 수 있습니다.

여러가지 식사 메뉴와 커피까지!

오직 템포에서만 경험할 수 있는 맛과 문화,

템포 다이닝 라운지로 초대합니다.

▪️제주 서귀포시 안덕면 신화역사로304번길 98
▪매일 12:00-02:00
▪️캐치테이블 | 064-909-2233

#제주맛집#제주핫플#제주가볼만한곳#제주도가볼만한곳#제주핫플레이스#제주도핫플#제주도핫플레이스#제주데이트코스#제주데이트#제주사진찍기좋은곳#제주서쪽여행",_.__._t.__rinebla,"(리그램) @tempo_dininglounge

한우 오마카세 페어링 전문, '템포 다이닝 라운지'

5성급 호텔 출신 셰프님이 직접 선정한 메뉴로

최고급 한우와 다양한 주류까지 페어링하여 즐기실 수 있습니다.

여러가지 식사 메뉴와 커피까지!

오직 템포에서만 경험할 수 있는 맛과 문화,

템포 다이닝 라운지로 초대합니다.

▪️제주 서귀포시 안덕면 신화역사로304번길 98
▪매일 12:00-02:00
▪️캐치테이블 | 064-909-2233

#제주맛집#제주핫플#제주가볼만한곳#제주도가볼만한곳#제주핫플레이스#제주도핫플#제주도핫플레이스#제주데이트코스#제주데이트#제주사진찍기좋은곳#제주서쪽여행"
2023-11-01,"☎ 1661-9613
 @inssa_____official
24시 연중무휴
카카오채널 ㅡ> 인싸닷컴

아직도 고민되시나요??
고민할 사이에 경쟁사는
무조건 무조건이야!

광고대행사 가격으로 고객분들께
드리는 파격적인 금액

인기게시물
인기탭
자동완성
계정관리
릴스
블로그
플레이스
디자인기획제작

어떤 업종이든 자동화
시스템으로 다 가능합니다

☎ 1661-9613 24시
☞ 카카오채널 : 인싸닷컴
 @inssa_____official

#중문맛집 #제주필라테스
#부천눈썹문신 #부천반영구
#제주피부관리 #부천왁싱
#릴스 #부천역맛집 #원종동맛집
#제주맛집
( 협찬 )",jkoesit1102,"☎ 1661-9613
@inssa_____official
24시 연중무휴
카카오채널 ㅡ> 인싸닷컴

아직도 고민되시나요??
고민할 사이에 경쟁사는
무조건 무조건이야!

광고대행사 가격으로 고객분들께
드리는 파격적인 금액

인기게시물
인기탭
자동완성
계정관리
릴스
블로그
플레이스
디자인기획제작

어떤 업종이든 자동화
시스템으로 다 가능합니다

☎ 1661-9613 24시
☞ 카카오채널 : 인싸닷컴
@inssa_____official

#중문맛집 #제주필라테스
#부천눈썹문신 #부천반영구
#제주피부관리 #부천왁싱
#릴스 #부천역맛집 #원종동맛집
#제주맛집
( 협찬 )"
2023-11-01,"Photo by Michele Hurst on October 31, 2023. May be an image of text that says '광고&협찬 애월 해안도로 구엄포구에 위치한 찐맛집 #지구상회 회&포차 T라 RA で6 제주제주시애월읍 애월해안로 7152층 064-746-9080'.",michelehurst753331,"애월해안도로에 위치한 선주가 직접 ⁣
제주앞바다에서 잡은 생물을 사용하여⁣
질과 양으로 승부하는 진짜 맛집!~⁣
⁣
가게명 : 지구상회⁣
주소 : 애월읍 애월해안로 715 2층⁣
연락처 : 064-746-9080⁣
영업시간 : 오후3시~새벽2시 (수요일 휴무)⁣
⁣
#제주맛집 #제주애월맛집 #애월술집⁣
#애월맛집 #제주도맛집 #제주술집⁣
#제주도술집 #제주여행 #제주도여행⁣
#애월카페 #애월가볼만한곳 #제주핫플⁣
#제주횟집 #제주도횟집 #애월횟집"
2023-11-01,"📌제주맛집 여기어때

✅️브런치오
✅️로맨틱새우
✅️애월찜

#제주맛집",minbom.travel1,"📌제주맛집 여기어때

✅️브런치오
✅️로맨틱새우
✅️애월찜

#제주맛집"
2023-11-01,"""지구상회""

애월해안도로 유일한 회ㆍ포차
신선한 활어회와 다양한 볶음류와 구이
환상적인 오션뷰를 지닌 루프탑 

새벽2시까지 영업

상호 : 지구상회
위치 : 애월읍 애월해안로 715 2층
전화 : 064-746-9080
영업 : 오후3시~새벽2시

매주 수요일 휴무

@earthmarket_jeju 

지구상회 대부분의 활어는 저희가 보유하고있는 어선(지구호)에서 직접잡아 저렴하고 싱싱한 상태로 제공해드리고있습니다~

영상출처
yomyom_jeju",kristinaweber541345,"""지구상회""

애월해안도로 유일한 회ㆍ포차
신선한 활어회와 다양한 볶음류와 구이
환상적인 오션뷰를 지닌 루프탑

새벽2시까지 영업

상호 : 지구상회
위치 : 애월읍 애월해안로 715 2층
전화 : 064-746-9080
영업 : 오후3시~새벽2시

매주 수요일 휴무

@earthmarket_jeju

지구상회 대부분의 활어는 저희가 보유하고있는 어선(지구호)에서 직접잡아 저렴하고 싱싱한 상태로 제공해드리고있습니다~

영상출처
yomyom_jeju"
2023-11-01,"Iam 제주도에 Kimbab 먹으러 간다. #제주또시랑 

해석들어간다. 이집 김밥먹으러 제주도 방문했다고 해도 과언이 아니다. 예약이 꽉차있어 최소 3일전에는 필수예약한다는 제주김밥집이다. 

때깔에 한번, 맛에 한번 놀라버리는 곳이다. 흑돼지가 무려 180g 이나 들어간 감칠맛의 돌담김밥, 토핑이 아낌없이 들이부은 6가지 맛의 또시랑 유부 비주얼부터 맛까지 갓벽하다.

편스토랑, 돈방석프로그램 등 각종 매거진에 소개될만큼 핫해서 예약못하면 못먹는 이곳. 쥬스도 판매하는데 감귤쥬스와 사과당근쥬스 두가지가 진짜 미친듯. 

📌매일매일 새로운 맛집을 소개하는 @st_foodfighter 🍀🍀

#제주도 #제주김밥 #제주맛집 #제주맛집추천 #제주도맛집 #제주도맛집추천 #제주시맛집 #제주가볼만한곳 #제주데이트코스 #제주데이트 #제주공항근처맛집 #김밥 #김밥맛집 #도시락",st_foodfighter,"Iam 제주도에 Kimbab 먹으러 간다. #제주또시랑

해석들어간다. 이집 김밥먹으러 제주도 방문했다고 해도 과언이 아니다. 예약이 꽉차있어 최소 3일전에는 필수예약한다는 제주김밥집이다.

때깔에 한번, 맛에 한번 놀라버리는 곳이다. 흑돼지가 무려 180g 이나 들어간 감칠맛의 돌담김밥, 토핑이 아낌없이 들이부은 6가지 맛의 또시랑 유부 비주얼부터 맛까지 갓벽하다.

편스토랑, 돈방석프로그램 등 각종 매거진에 소개될만큼 핫해서 예약못하면 못먹는 이곳. 쥬스도 판매하는데 감귤쥬스와 사과당근쥬스 두가지가 진짜 미친듯.

📌매일매일 새로운 맛집을 소개하는 @st_foodfighter 🍀🍀

#제주도 #제주김밥 #제주맛집 #제주맛집추천 #제주도맛집 #제주도맛집추천 #제주시맛집 #제주가볼만한곳 #제주데이트코스 #제주데이트 #제주공항근처맛집 #김밥 #김밥맛집 #도시락"
2023-11-01,"(광고) 수라상에도 오늘 고~급 디저트 주악 전문점
💛뽕끄레 주악💛

JMT 개성주악을 제주식으로 표현한
'뽕끄레 주악'🍊🍊

오로지 '뽕끄레 주악'에서만 맛 볼수 있는🧡
제주스러운 디저트!!😍

입맛대로 골라 먹는 12가지 토핑이😲
잔~뜩 올라간 주악!!🌈🌈
제주 티 베리에이션 음료와 같이 즐겨보자!!🍹

제주 공항 바로 근처에 있으니까✈️🛬
방문하기도 너무 편하잖아
제주 여행 필수코스로 찜!! 🚗🚙

🧭뽕끄레주악

주소 : 제주 제주시 동문로4길 7 1층 2호 뽕끄레주악
문의 : 0507-1398-5540
영업 : 매일 10:00 ~ 20:00

#동문시장맛집
#제주맛집
#동문시장야시장
#제주동문시장맛집
#제주야시장
#제주디저트
#제주공항근처카페
#탑동맛집
#제주디저트카페
#동문시장맛집추천
#동문시장먹거리",h._r__._nm._992,"(광고) 수라상에도 오늘 고~급 디저트 주악 전문점
💛뽕끄레 주악💛

JMT 개성주악을 제주식으로 표현한
'뽕끄레 주악'🍊🍊

오로지 '뽕끄레 주악'에서만 맛 볼수 있는🧡
제주스러운 디저트!!😍

입맛대로 골라 먹는 12가지 토핑이😲
잔~뜩 올라간 주악!!🌈🌈
제주 티 베리에이션 음료와 같이 즐겨보자!!🍹

제주 공항 바로 근처에 있으니까✈️🛬
방문하기도 너무 편하잖아
제주 여행 필수코스로 찜!! 🚗🚙

🧭뽕끄레주악

주소 : 제주 제주시 동문로4길 7 1층 2호 뽕끄레주악
문의 : 0507-1398-5540
영업 : 매일 10:00 ~ 20:00

#동문시장맛집
#제주맛집
#동문시장야시장
#제주동문시장맛집
#제주야시장
#제주디저트
#제주공항근처카페
#탑동맛집
#제주디저트카페
#동문시장맛집추천
#동문시장먹거리"
2023-11-01,"방시혁님도 이거먹으러 제주 간다는 왕/갈/치 🌟

이렇게 큰 갈치는 초면인데요! 😮 여러 연예인들도 제주 방문할 때 마다 꼭 먹으러 간다는 <충민정> 여기가시면 무조건 갈치구이는 꼭 드세요. 직원분께서 제주산 통갈치 해체쇼 멋지게 해주시니 먹기만 하면 됩니다. 살이 어찌나 부드럽고 많은지 아직도 아른거리는 맛이에요 또 반찬도 깔끔하고 다양한데 토마토김치, 들깨 버섯무침은 여러번 리필해먹을 정도로 맛있었던 반찬이였네요! 전체적으로 맛있어서 부모님 모시고 오기 정말 추천드립니다. 공항근처니 갈치구이 딱 먹고 여행 시작하세요!

•제주 제주시 남성로 26-1
•09:00-20:00 | B.T 15:30-17:00 | L.O 19:00

#제주갈치구이 #제주갈치구이맛집 #제주공항근처갈치구이 #제주갈치구이찐맛집 #제주공항근처맛집 #제주공항맛집 #제주갈치조림 #제주갈치구이 #갈치구이맛집 #제주도민맛집",sum.yom,"방시혁님도 이거먹으러 제주 간다는 왕/갈/치 🌟

이렇게 큰 갈치는 초면인데요! 😮 여러 연예인들도 제주 방문할 때 마다 꼭 먹으러 간다는 <충민정> 여기가시면 무조건 갈치구이는 꼭 드세요. 직원분께서 제주산 통갈치 해체쇼 멋지게 해주시니 먹기만 하면 됩니다. 살이 어찌나 부드럽고 많은지 아직도 아른거리는 맛이에요 또 반찬도 깔끔하고 다양한데 토마토김치, 들깨 버섯무침은 여러번 리필해먹을 정도로 맛있었던 반찬이였네요! 전체적으로 맛있어서 부모님 모시고 오기 정말 추천드립니다. 공항근처니 갈치구이 딱 먹고 여행 시작하세요!

•제주 제주시 남성로 26-1
•09:00-20:00 | B.T 15:30-17:00 | L.O 19:00

#제주갈치구이 #제주갈치구이맛집 #제주공항근처갈치구이 #제주갈치구이찐맛집 #제주공항근처맛집 #제주공항맛집 #제주갈치조림 #제주갈치구이 #갈치구이맛집 #제주도민맛집"
2023-11-01,"(협찬)제주도에서 양꼬치는 언제나 우리의 원픽!
묻지도 따지지도 않고 갈수있는곳👍
어제먹고 오늘먹고 내일도 갈수있는맛집😋

양꼬치.양갈비꼬치.오돌뼈꼬치
꼬치종류가 많은데 진심 다 맛있음😍

여긴 진짜 술이술술 들어가는곳!
그래서 술좋아하는사람들은 사실 조심해야됨!🤭
주방장님 볶음요리 솜씨가 아주 최상급이라
술값이 어마무시하게 나온다는사실🤣🤣

탄탄흑돈양꼬치 @tantan__1687/
📍제주시 한림읍 한림로 687
☎️064-796-1687

#한림맛집
#한림술집
#제주도양꼬치
#제주맛집
#제주도민맛집
#애월맛집
#협재맛집
#제주맛집추천
#제주맛집투어
#제주현지인맛집
#제주양꼬치
#제주양갈비
#한림양꼬치",sruhado__r_._,"(협찬)제주도에서 양꼬치는 언제나 우리의 원픽!
묻지도 따지지도 않고 갈수있는곳👍
어제먹고 오늘먹고 내일도 갈수있는맛집😋

양꼬치.양갈비꼬치.오돌뼈꼬치
꼬치종류가 많은데 진심 다 맛있음😍

여긴 진짜 술이술술 들어가는곳!
그래서 술좋아하는사람들은 사실 조심해야됨!🤭
주방장님 볶음요리 솜씨가 아주 최상급이라
술값이 어마무시하게 나온다는사실🤣🤣

탄탄흑돈양꼬치 @tantan__1687/
📍제주시 한림읍 한림로 687
☎️064-796-1687

#한림맛집
#한림술집
#제주도양꼬치
#제주맛집
#제주도민맛집
#애월맛집
#협재맛집
#제주맛집추천
#제주맛집투어
#제주현지인맛집
#제주양꼬치
#제주양갈비
#한림양꼬치"
2023-11-01,"(리그램) @tempo_dininglounge

제주 속 작은 나라, 템포 다이닝 라운지

템포에서 다양한 경험을 선물해 드립니다.

▪️프랑스 스타일의 폴비앙 베이커리&카페

▪️5성급 호텔 출신 셰프의 최상급 한우 오마카세

▪️전문 바텐더가 조합한 50여개의 샴페인 페어링 코스

어디에서도 경험할 수 없는 최고의 여행을 선사해 드리겠습니다.

제주 속 작은 라라랜드를 느껴보세요.

#제주맛집#제주핫플#제주가볼만한곳#제주도가볼만한곳#제주핫플레이스#제주도핫플#제주도핫플레이스#제주데이트코스#제주데이트#제주사진찍기좋은곳#제주서쪽여행",herrelfrenit,"(리그램) @tempo_dininglounge

제주 속 작은 나라, 템포 다이닝 라운지

템포에서 다양한 경험을 선물해 드립니다.

▪️프랑스 스타일의 폴비앙 베이커리&카페

▪️5성급 호텔 출신 셰프의 최상급 한우 오마카세

▪️전문 바텐더가 조합한 50여개의 샴페인 페어링 코스

어디에서도 경험할 수 없는 최고의 여행을 선사해 드리겠습니다.

제주 속 작은 라라랜드를 느껴보세요.

#제주맛집#제주핫플#제주가볼만한곳#제주도가볼만한곳#제주핫플레이스#제주도핫플#제주도핫플레이스#제주데이트코스#제주데이트#제주사진찍기좋은곳#제주서쪽여행"
2023-11-01,"Photo by 신김임 on October 30, 2023. May be an image of text that says '광고&협찬 애월 해안도로 구엄포구에 위치한 찐맛집 #지구상회 회&포차 RA て26য 제주제주시애월읍 애월해안로 7152층 064-746-9080'.",hbsyu0984499,"애월해안도로에 위치한 선주가 직접 ⁣
제주앞바다에서 잡은 생물을 사용하여⁣
질과 양으로 승부하는 진짜 맛집!~⁣
⁣
가게명 : 지구상회⁣
주소 : 애월읍 애월해안로 715 2층⁣
연락처 : 064-746-9080⁣
영업시간 : 오후3시~새벽2시 (수요일 휴무)⁣
⁣
#제주맛집 #제주애월맛집 #애월술집⁣
#애월맛집 #제주도맛집 #제주술집⁣
#제주도술집 #제주여행 #제주도여행⁣
#애월카페 #애월가볼만한곳 #제주핫플⁣
#제주횟집 #제주도횟집 #애월횟집"
2023-11-01,"음료 마시기가 아까운 적은 처음임;; 젤리소다로 유명한 #제주#카페치즈태비

구슬처럼 이쁜 젤리가 소다 위에 올라가있음! 기분 탓인지 모르겠지만 색깔별로 맛이 다른 느낌~ 엄청 쫀득하고 탱글해서 맛있게 먹음 ㅎㅎ 

배고파서 시킨 카야토스트도 존맛이였음. 계란을 발라 먹으면 고소함이 업!! 포토존도 많으니까 제주 여행중에 꼭 가보길~

👦🏻카페 치즈태비
👦🏻제주 제주시 구좌읍 행원로7길 18-9 카페치즈태비

#푸썸_제주",_food_some,"음료 마시기가 아까운 적은 처음임;; 젤리소다로 유명한 #제주#카페치즈태비

구슬처럼 이쁜 젤리가 소다 위에 올라가있음! 기분 탓인지 모르겠지만 색깔별로 맛이 다른 느낌~ 엄청 쫀득하고 탱글해서 맛있게 먹음 ㅎㅎ

배고파서 시킨 카야토스트도 존맛이였음. 계란을 발라 먹으면 고소함이 업!! 포토존도 많으니까 제주 여행중에 꼭 가보길~

👦🏻카페 치즈태비
👦🏻제주 제주시 구좌읍 행원로7길 18-9 카페치즈태비

#푸썸_제주"
2023-11-01,"Photo by Lisa Barton on October 20, 2023. May be an image of text that says '광고&협찬 애월 해안도로 구엄포구에 위치한 찐맛집 #지구상회 회&포차 RA て的 제주제주시애월읍 애월해안로 7152층 064-746-9080 064-74'.",lisabarton207691,"애월해안도로에 위치한 선주가 직접 ⁣
제주앞바다에서 잡은 생물을 사용하여⁣
질과 양으로 승부하는 진짜 맛집!~⁣
⁣
가게명 : 지구상회⁣
주소 : 애월읍 애월해안로 715 2층⁣
연락처 : 064-746-9080⁣
영업시간 : 오후3시~새벽2시 (수요일 휴무)⁣
⁣
#제주맛집 #제주애월맛집 #애월술집⁣
#애월맛집 #제주도맛집 #제주술집⁣
#제주도술집 #제주여행 #제주도여행⁣
#애월카페 #애월가볼만한곳 #제주핫플⁣
#제주횟집 #제주도횟집 #애월횟집"
2023-11-01,"(광고) 수라상에도 오늘 고~급 디저트 주악 전문점
💛뽕끄레 주악💛

JMT 개성주악을 제주식으로 표현한
'뽕끄레 주악'🍊🍊

오로지 '뽕끄레 주악'에서만 맛 볼수 있는🧡
제주스러운 디저트!!😍

입맛대로 골라 먹는 12가지 토핑이😲
잔~뜩 올라간 주악!!🌈🌈
제주 티 베리에이션 음료와 같이 즐겨보자!!🍹

제주 공항 바로 근처에 있으니까✈️🛬
방문하기도 너무 편하잖아
제주 여행 필수코스로 찜!! 🚗🚙

🧭뽕끄레주악

주소 : 제주 제주시 동문로4길 7 1층 2호 뽕끄레주악
문의 : 0507-1398-5540
영업 : 매일 10:00 ~ 20:00

#동문시장맛집
#제주맛집
#동문시장야시장
#제주동문시장맛집
#제주야시장
#제주디저트
#제주공항근처카페
#탑동맛집
#제주디저트카페
#동문시장맛집추천
#동문시장먹거리",cade._ou_._keep,"(광고) 수라상에도 오늘 고~급 디저트 주악 전문점
💛뽕끄레 주악💛

JMT 개성주악을 제주식으로 표현한
'뽕끄레 주악'🍊🍊

오로지 '뽕끄레 주악'에서만 맛 볼수 있는🧡
제주스러운 디저트!!😍

입맛대로 골라 먹는 12가지 토핑이😲
잔~뜩 올라간 주악!!🌈🌈
제주 티 베리에이션 음료와 같이 즐겨보자!!🍹

제주 공항 바로 근처에 있으니까✈️🛬
방문하기도 너무 편하잖아
제주 여행 필수코스로 찜!! 🚗🚙

🧭뽕끄레주악

주소 : 제주 제주시 동문로4길 7 1층 2호 뽕끄레주악
문의 : 0507-1398-5540
영업 : 매일 10:00 ~ 20:00

#동문시장맛집
#제주맛집
#동문시장야시장
#제주동문시장맛집
#제주야시장
#제주디저트
#제주공항근처카페
#탑동맛집
#제주디저트카페
#동문시장맛집추천
#동문시장먹거리"
2023-11-01,"광고
리그램 @hot2_jeju

오션뷰가 너무나 아름다운 향토음식점
제주정지♥

눈앞에 에메랄드빛 바다를 보고 있으면 멍 때리게 되지만
그것도 잠시 담백한 냄새와 함께 다가오는 푸짐한 한상차림을
본다면 침 꼴깍 삼키며 빠르게 스캔해버린다구😋

27년 갈치만 바라보며 노하우가 담긴 푸짐한
해산물과 매콤달콤 갈치조림이 생각난다면👇👇

🧭제주정지

주소 : 제주 제주시 서해안로 480 제주정지 2층단독건물
영업 : 매일08:00 - 21:30 브레이크타임15:30 - 17:00 라스트오더 20:30
번호 : 064-711-0810

#제주시맛집 #제주공항근처맛집
#제주맛집 #제주도맛집
#용두암맛집 #제주시내맛집
#제주갈치조림맛집 #제주도갈치조림맛집
#제주시갈치조림맛집 #제주시갈치조림",yuseol21_,"광고
리그램 @hot2_jeju

오션뷰가 너무나 아름다운 향토음식점
제주정지♥

눈앞에 에메랄드빛 바다를 보고 있으면 멍 때리게 되지만
그것도 잠시 담백한 냄새와 함께 다가오는 푸짐한 한상차림을
본다면 침 꼴깍 삼키며 빠르게 스캔해버린다구😋

27년 갈치만 바라보며 노하우가 담긴 푸짐한
해산물과 매콤달콤 갈치조림이 생각난다면👇👇

🧭제주정지

주소 : 제주 제주시 서해안로 480 제주정지 2층단독건물
영업 : 매일08:00 - 21:30 브레이크타임15:30 - 17:00 라스트오더 20:30
번호 : 064-711-0810

#제주시맛집 #제주공항근처맛집
#제주맛집 #제주도맛집
#용두암맛집 #제주시내맛집
#제주갈치조림맛집 #제주도갈치조림맛집
#제주시갈치조림맛집 #제주시갈치조림"
2023-11-01,"(협찬)제주도에서 양꼬치는 언제나 우리의 원픽!
묻지도 따지지도 않고 갈수있는곳👍
어제먹고 오늘먹고 내일도 갈수있는맛집😋

양꼬치.양갈비꼬치.오돌뼈꼬치
꼬치종류가 많은데 진심 다 맛있음😍

여긴 진짜 술이술술 들어가는곳!
그래서 술좋아하는사람들은 사실 조심해야됨!🤭
주방장님 볶음요리 솜씨가 아주 최상급이라
술값이 어마무시하게 나온다는사실🤣🤣

탄탄흑돈양꼬치 @tantan__1687/
📍제주시 한림읍 한림로 687
☎️064-796-1687

#한림맛집
#한림술집
#제주도양꼬치
#제주맛집
#제주도민맛집
#애월맛집
#협재맛집
#제주맛집추천
#제주맛집투어
#제주현지인맛집
#제주양꼬치
#제주양갈비
#한림양꼬치",gele._irgsild,"(협찬)제주도에서 양꼬치는 언제나 우리의 원픽!
묻지도 따지지도 않고 갈수있는곳👍
어제먹고 오늘먹고 내일도 갈수있는맛집😋

양꼬치.양갈비꼬치.오돌뼈꼬치
꼬치종류가 많은데 진심 다 맛있음😍

여긴 진짜 술이술술 들어가는곳!
그래서 술좋아하는사람들은 사실 조심해야됨!🤭
주방장님 볶음요리 솜씨가 아주 최상급이라
술값이 어마무시하게 나온다는사실🤣🤣

탄탄흑돈양꼬치 @tantan__1687/
📍제주시 한림읍 한림로 687
☎️064-796-1687

#한림맛집
#한림술집
#제주도양꼬치
#제주맛집
#제주도민맛집
#애월맛집
#협재맛집
#제주맛집추천
#제주맛집투어
#제주현지인맛집
#제주양꼬치
#제주양갈비
#한림양꼬치"
2023-11-01,"(리그램)
📌자자집중 한담 최고의 미친맛집
봄이루:)안녕하세요
민봄이 한담 베스트3 만들어봤습니다.


👉 @minbom.travel

✅갈치바다
📍제주시애월읍애월로15-1
☎0507-1490-0734
🚗주차가능
🐶애견애묘(문의)


✅고이정
📍제주시애월읍애월로6
☎0507-1350-0401
🚗주차가능
🐶애견애묘(문의)

✅실비라면
📍제주시애월읍애월로33
☎0507-1404-9931
🚗주차가능
🐶애견애묘(문의)

#애월맛집
#제주맛집
#제주도맛집
#한담맛집
#협재맛집
#제주여행
#제주도여행
#제주가볼만한곳
#애월가볼만한곳",un__eacir,"(리그램)
📌자자집중 한담 최고의 미친맛집
봄이루:)안녕하세요
민봄이 한담 베스트3 만들어봤습니다.


👉 @minbom.travel

✅갈치바다
📍제주시애월읍애월로15-1
☎0507-1490-0734
🚗주차가능
🐶애견애묘(문의)


✅고이정
📍제주시애월읍애월로6
☎0507-1350-0401
🚗주차가능
🐶애견애묘(문의)

✅실비라면
📍제주시애월읍애월로33
☎0507-1404-9931
🚗주차가능
🐶애견애묘(문의)

#애월맛집
#제주맛집
#제주도맛집
#한담맛집
#협재맛집
#제주여행
#제주도여행
#제주가볼만한곳
#애월가볼만한곳"
2023-11-01,"제주도가서 갈치 안먹고오면 섭섭하지,,
근데 이제 가시 다 발라져 나오는 갈치조림;;
안그래도 가시 발라먹기 귀찮아서 뒷전이었는데
순살 갈치조림이면 무조건 먹으러 가야함!
양념은 꽤나 자극적이라 밥 두공기는 거뜬히 뿌심,,
순살이라 먹기 진짜 편하고 생각보다 양도 많다.

💡당연히 통갈치보단 얇지만 이정도면 정말 만족,,

▫️상호명 : 제주도 번네식당
▫️주소 : 제주 서귀포시 안덕면 산방로 16 
▫️영업시간 : 10:00~16:00 수 휴무

💌추천메뉴
- 뼈없는 은갈치조림

#제주맛집 #제주도맛집 #서귀포맛집 #제주도갈치 #갈치맛집 #갈치조림 #순살갈치조림",mat.planner,"제주도가서 갈치 안먹고오면 섭섭하지,,
근데 이제 가시 다 발라져 나오는 갈치조림;;
안그래도 가시 발라먹기 귀찮아서 뒷전이었는데
순살 갈치조림이면 무조건 먹으러 가야함!
양념은 꽤나 자극적이라 밥 두공기는 거뜬히 뿌심,,
순살이라 먹기 진짜 편하고 생각보다 양도 많다.

💡당연히 통갈치보단 얇지만 이정도면 정말 만족,,

▫️상호명 : 제주도 번네식당
▫️주소 : 제주 서귀포시 안덕면 산방로 16
▫️영업시간 : 10:00~16:00 수 휴무

💌추천메뉴
- 뼈없는 은갈치조림

#제주맛집 #제주도맛집 #서귀포맛집 #제주도갈치 #갈치맛집 #갈치조림 #순살갈치조림"
2023-11-01,"(리그램) @tempo_dininglounge

제주 속 작은 나라, 템포 다이닝 라운지

템포에서 다양한 경험을 선물해 드립니다.

▪️프랑스 스타일의 폴비앙 베이커리&카페

▪️5성급 호텔 출신 셰프의 최상급 한우 오마카세

▪️전문 바텐더가 조합한 50여개의 샴페인 페어링 코스

어디에서도 경험할 수 없는 최고의 여행을 선사해 드리겠습니다.

제주 속 작은 라라랜드를 느껴보세요.

#제주맛집#제주핫플#제주가볼만한곳#제주도가볼만한곳#제주핫플레이스#제주도핫플#제주도핫플레이스#제주데이트코스#제주데이트#제주사진찍기좋은곳#제주서쪽여행",__arazh._urray,"(리그램) @tempo_dininglounge

제주 속 작은 나라, 템포 다이닝 라운지

템포에서 다양한 경험을 선물해 드립니다.

▪️프랑스 스타일의 폴비앙 베이커리&카페

▪️5성급 호텔 출신 셰프의 최상급 한우 오마카세

▪️전문 바텐더가 조합한 50여개의 샴페인 페어링 코스

어디에서도 경험할 수 없는 최고의 여행을 선사해 드리겠습니다.

제주 속 작은 라라랜드를 느껴보세요.

#제주맛집#제주핫플#제주가볼만한곳#제주도가볼만한곳#제주핫플레이스#제주도핫플#제주도핫플레이스#제주데이트코스#제주데이트#제주사진찍기좋은곳#제주서쪽여행"
2023-11-01,"💕
십일월의 절대고독을 노래했던
시인의 마음에 비친 이 가을 하늘빛은
또 얼마나 푸르렀을까요???

순천미향제주산방산본점
제주시 안덕면 사계리
163-1(주차장)",suncheunmihyang,"💕
십일월의 절대고독을 노래했던
시인의 마음에 비친 이 가을 하늘빛은
또 얼마나 푸르렀을까요???

순천미향제주산방산본점
제주시 안덕면 사계리
163-1(주차장)"
2023-11-01,"1인1메뉴 주문시 전복버터구이 무제한 서비스 진행중이네요~
.
제주에서 손꼽히는 제주뷰맛집 ✔서귀포점 ✔제주공항점 모두 전좌석 오션뷰🏝그리고 흔히 먹을수없는 딱새우보일링과 활랍스타찜 그리고 제주산돈마호크를 한번에 가성비있게 즐길수있는 세트 메뉴까지💕  
#제주맛집 으로유명한 #제주더비치크랩
제주도여행 이건꼭 먹어야해😋
재료가 떨어지면 마감되니 주의!!
.
🏝제주 더비치크랩
.
#동문시장맛집 #제주시맛집 #제주공항맛집  #산방산맛집  #송악산맛집 #jejudo #탑동맛집 #제주동문시장맛집 #용두암맛집 #도두해안도로 #안덕면맛집 #제주시내맛집 #용머리해안 #모슬포맛집",jejudojmt,"1인1메뉴 주문시 전복버터구이 무제한 서비스 진행중이네요~
.
제주에서 손꼽히는 제주뷰맛집 ✔서귀포점 ✔제주공항점 모두 전좌석 오션뷰🏝그리고 흔히 먹을수없는 딱새우보일링과 활랍스타찜 그리고 제주산돈마호크를 한번에 가성비있게 즐길수있는 세트 메뉴까지💕 
#제주맛집 으로유명한 #제주더비치크랩
제주도여행 이건꼭 먹어야해😋
재료가 떨어지면 마감되니 주의!!
.
🏝제주 더비치크랩
.
#동문시장맛집 #제주시맛집 #제주공항맛집  #산방산맛집 #송악산맛집 #jejudo #탑동맛집 #제주동문시장맛집 #용두암맛집 #도두해안도로 #안덕면맛집 #제주시내맛집 #용머리해안 #모슬포맛집"
2023-11-01,"@jeju_haejeo

제주의 푸른 바다뷰와 함께 하는 해저에서는
336시간이라는 기다림의 숙성으로 맛을 더한
‘제주 흑돼지 구이’ 와 더해 ‘제주 딱새우회’ 도 함께 즐기실 수 있습니다.
식재료 모두 직접 선별하여 최상급으로 사용하고 있습니다!

밑반찬, 사이드메뉴 하나하나
전부 많은 연구를 거듭해 완성했습니다

전좌석이 제주도의 오션뷰를 느끼며 식사 하실 수 있습니다 :-)
제주에서의 행복한 기억과 특별한 시간을 보내기에 
최적화된 장소라고 자부할 수 있습니다.

손님분들의 편안하고 쾌적한 식사, 가장 맛있게 고기를 드실 수 있게
저희 해저는 직원들이 직접 그릴링 서비스도 함께 제공합니다 

넓은 주차공간과 아기의자도 구비되어있어
더욱 편안하게 즐기실 수 있습니다 !

제주의 모든 시간대의 풍경을 실시간으로 즐기며
잊지 못할 추억을 쌓으시길 바래요☺

⠀
⊙제주시 한립읍 귀덕리 4169-3
⊙070-8817-3000
⊙open 11:00~22:00 / last order 21:00
⊙가게뒷편 주차가능, 해안도로 주차가능
⊙6인 단체석 보유, 애견 출입 불가능
 

⠀
#한림맛집 #제주한림맛집 #제주맛집 #제주흑돼지맛집 #제주흑돼지 #제주도흑돼지맛집 #제주도흑돼지 #한림흑돼지 #한림흑돼지맛집 #협재흑돼지 #협재흑돼지맛집 #제주도맛집 #애월맛집 #애월고기맛집 #제주노을맛집 #제주한림맛집",whistesneakers,"@jeju_haejeo

제주의 푸른 바다뷰와 함께 하는 해저에서는
336시간이라는 기다림의 숙성으로 맛을 더한
‘제주 흑돼지 구이’ 와 더해 ‘제주 딱새우회’ 도 함께 즐기실 수 있습니다.
식재료 모두 직접 선별하여 최상급으로 사용하고 있습니다!

밑반찬, 사이드메뉴 하나하나
전부 많은 연구를 거듭해 완성했습니다

전좌석이 제주도의 오션뷰를 느끼며 식사 하실 수 있습니다 :-)
제주에서의 행복한 기억과 특별한 시간을 보내기에
최적화된 장소라고 자부할 수 있습니다.

손님분들의 편안하고 쾌적한 식사, 가장 맛있게 고기를 드실 수 있게
저희 해저는 직원들이 직접 그릴링 서비스도 함께 제공합니다

넓은 주차공간과 아기의자도 구비되어있어
더욱 편안하게 즐기실 수 있습니다 !

제주의 모든 시간대의 풍경을 실시간으로 즐기며
잊지 못할 추억을 쌓으시길 바래요☺

⠀
⊙제주시 한립읍 귀덕리 4169-3
⊙070-8817-3000
⊙open 11:00~22:00 / last order 21:00
⊙가게뒷편 주차가능, 해안도로 주차가능
⊙6인 단체석 보유, 애견 출입 불가능


⠀
#한림맛집 #제주한림맛집 #제주맛집 #제주흑돼지맛집 #제주흑돼지 #제주도흑돼지맛집 #제주도흑돼지 #한림흑돼지 #한림흑돼지맛집 #협재흑돼지 #협재흑돼지맛집 #제주도맛집 #애월맛집 #애월고기맛집 #제주노을맛집 #제주한림맛집"
2023-11-01,"1인1메뉴 주문시 전복버터구이 무제한 서비스 진행중이네요~
.
제주에서 손꼽히는 제주뷰맛집 ✔서귀포점 ✔제주공항점 모두 전좌석 오션뷰🏝그리고 흔히 먹을수없는 딱새우보일링과 활랍스타찜 그리고 제주산돈마호크를 한번에 가성비있게 즐길수있는 세트 메뉴까지💕  
#제주맛집 으로유명한 #제주더비치크랩
제주도여행 이건꼭 먹어야해😋
재료가 떨어지면 마감되니 주의!!
.
🏝제주 더비치크랩
.
#동문시장맛집 #제주시 #제주공항맛집  #산방산맛집  #송악산맛집 #jejudo #탑동맛집 #제주동문시장 #용두암맛집 #용담해안도로 #안덕면맛집 #제주시내맛집 #제주도 #우진해장국 #사계리맛집 #산방산",jeju_kim_,"1인1메뉴 주문시 전복버터구이 무제한 서비스 진행중이네요~
.
제주에서 손꼽히는 제주뷰맛집 ✔서귀포점 ✔제주공항점 모두 전좌석 오션뷰🏝그리고 흔히 먹을수없는 딱새우보일링과 활랍스타찜 그리고 제주산돈마호크를 한번에 가성비있게 즐길수있는 세트 메뉴까지💕 
#제주맛집 으로유명한 #제주더비치크랩
제주도여행 이건꼭 먹어야해😋
재료가 떨어지면 마감되니 주의!!
.
🏝제주 더비치크랩
.
#동문시장맛집 #제주시 #제주공항맛집  #산방산맛집 #송악산맛집 #jejudo #탑동맛집 #제주동문시장 #용두암맛집 #용담해안도로 #안덕면맛집 #제주시내맛집 #제주도 #우진해장국 #사계리맛집 #산방산"
2023-11-01,"Photo by Tasha Barton on October 23, 2023. May be an image of ‎text that says '‎광고&협찬 애월 해안도로 구엄포구에 위치한 찐맛집 #지구상회 회&포차 RA ر6で HRaRa 제주제주시애월읍 애월해안로 7152층 064-746-9080‎'‎.",tashabarton626715,"애월해안도로에 위치한 선주가 직접 ⁣
제주앞바다에서 잡은 생물을 사용하여⁣
질과 양으로 승부하는 진짜 맛집!~⁣
⁣
가게명 : 지구상회⁣
주소 : 애월읍 애월해안로 715 2층⁣
연락처 : 064-746-9080⁣
영업시간 : 오후3시~새벽2시 (수요일 휴무)⁣
⁣
#제주맛집 #제주애월맛집 #애월술집⁣
#애월맛집 #제주도맛집 #제주술집⁣
#제주도술집 #제주여행 #제주도여행⁣
#애월카페 #애월가볼만한곳 #제주핫플⁣
#제주횟집 #제주도횟집 #애월횟집"
2023-11-01,"""지구상회""

애월해안도로 유일한 회ㆍ포차
신선한 활어회와 다양한 볶음류와 구이
환상적인 오션뷰를 지닌 루프탑 

새벽2시까지 영업

상호 : 지구상회
위치 : 애월읍 애월해안로 715 2층
전화 : 064-746-9080
영업 : 오후3시~새벽2시

@earthmarket_jeju

매주 수요일 휴무

#제주애월맛집
#애월해안도로맛집
#애월횟집
#제주술집#애월데이트#성산일출봉#서귀포횟집#함덕카페#월정리카페#에코랜드맛집#섭지코지맛집
#제주도술집#안덕면맛집#대정읍맛집
#애월카페#신화월드맛집
#제주도횟집#제주도카페#제주카페
#제주맛집#협재맛집#한림맛집
#제주도맛집#표선맛집

영상출처
yomyom_jeju",juliaryan932518,"""지구상회""

애월해안도로 유일한 회ㆍ포차
신선한 활어회와 다양한 볶음류와 구이
환상적인 오션뷰를 지닌 루프탑

새벽2시까지 영업

상호 : 지구상회
위치 : 애월읍 애월해안로 715 2층
전화 : 064-746-9080
영업 : 오후3시~새벽2시

@earthmarket_jeju

매주 수요일 휴무

#제주애월맛집
#애월해안도로맛집
#애월횟집
#제주술집#애월데이트#성산일출봉#서귀포횟집#함덕카페#월정리카페#에코랜드맛집#섭지코지맛집
#제주도술집#안덕면맛집#대정읍맛집
#애월카페#신화월드맛집
#제주도횟집#제주도카페#제주카페
#제주맛집#협재맛집#한림맛집
#제주도맛집#표선맛집

영상출처
yomyom_jeju"
2023-11-01,"(리그램) @minbom.travel

봄이루:)안녕하세요.
민봄여행기 제주2번째 이야기
오픈 하였습니다.
👉 @minbom.travel

이번구성 알차게 준비하였으니
제주여행오실때 꼭 방문해보세요.

❗️애월브런치오
✅️드뎌!신상브런치카페 떳다규
✅️바다뷰?여긴 돌고래뷰도 있다 ㅎ
✅️애월 아침 브런치는 여기밖에없어
✅️브런치플레이트,한우퀘사디아 꼭먹기

📍제주시애월읍애월해안로454-3
☎️0507-1431-4679
🚗주차(가능)
🐶애견,애묘(문의)

❗️로맨틱새우
✅️혹시~여기모르면 제주처음오신겁니다.

✅️제주도민도 가는곳이면 말다했지
✅️새우살이 랍스타식감?(미쳤네)
✅️오늘 로맨틱새우 굿~초이스

📍제주시애월읍곽지1길12-12
☎️0507-1335-1588
🚗주차(가능)
🐶애견,애묘(문의)

❗️애월테라피
✅️마사지로 우수 인증업소받은곳 쉽지않거든~
✅️아로마 스톤테라피라고 알아? 이거요물이네
✅️임산부마사지도 있으니 꼭 받기
✅️네이버예약해서2만원할인받자규~

📍제주시애월읍애월해안로454-5
☎️0507-1410-5775
🚗주차(가능)
🐶애견,애묘(문의)

❗️애월찜
✅️애월필수코스가 되어버린 이곳
✅️제주에서 10년한자리 음식점 쉽지않아
✅️낙지,전복.소갈비 그냥 몸보신이네
✅️도민한테도 사랑받으면 말다한거임

📍제주시애월읍애월해안로454-5
☎️0507-1403-7496
🚗주차(가능)
🐶애견,애묘(문의)

#애월맛집#애월카페#제주도맛집
#제주맛집#제주가볼만한곳#제주카페
#제주도카페#애월가볼만한곳#협재맛집
#제주시맛집",h_._uston_andu,"(리그램) @minbom.travel

봄이루:)안녕하세요.
민봄여행기 제주2번째 이야기
오픈 하였습니다.
👉 @minbom.travel

이번구성 알차게 준비하였으니
제주여행오실때 꼭 방문해보세요.

❗️애월브런치오
✅️드뎌!신상브런치카페 떳다규
✅️바다뷰?여긴 돌고래뷰도 있다 ㅎ
✅️애월 아침 브런치는 여기밖에없어
✅️브런치플레이트,한우퀘사디아 꼭먹기

📍제주시애월읍애월해안로454-3
☎️0507-1431-4679
🚗주차(가능)
🐶애견,애묘(문의)

❗️로맨틱새우
✅️혹시~여기모르면 제주처음오신겁니다.

✅️제주도민도 가는곳이면 말다했지
✅️새우살이 랍스타식감?(미쳤네)
✅️오늘 로맨틱새우 굿~초이스

📍제주시애월읍곽지1길12-12
☎️0507-1335-1588
🚗주차(가능)
🐶애견,애묘(문의)

❗️애월테라피
✅️마사지로 우수 인증업소받은곳 쉽지않거든~
✅️아로마 스톤테라피라고 알아? 이거요물이네
✅️임산부마사지도 있으니 꼭 받기
✅️네이버예약해서2만원할인받자규~

📍제주시애월읍애월해안로454-5
☎️0507-1410-5775
🚗주차(가능)
🐶애견,애묘(문의)

❗️애월찜
✅️애월필수코스가 되어버린 이곳
✅️제주에서 10년한자리 음식점 쉽지않아
✅️낙지,전복.소갈비 그냥 몸보신이네
✅️도민한테도 사랑받으면 말다한거임

📍제주시애월읍애월해안로454-5
☎️0507-1403-7496
🚗주차(가능)
🐶애견,애묘(문의)

#애월맛집#애월카페#제주도맛집
#제주맛집#제주가볼만한곳#제주카페
#제주도카페#애월가볼만한곳#협재맛집
#제주시맛집"
2023-11-01,"@jeju_haejeo

제주의 푸른 바다뷰와 함께 하는 해저에서는
336시간이라는 기다림의 숙성으로 맛을 더한
‘제주 흑돼지 구이’ 와 더해 ‘제주 딱새우회’ 도 함께 즐기실 수 있습니다.
식재료 모두 직접 선별하여 최상급으로 사용하고 있습니다!

밑반찬, 사이드메뉴 하나하나
전부 많은 연구를 거듭해 완성했습니다

전좌석이 제주도의 오션뷰를 느끼며 식사 하실 수 있습니다 :-)
제주에서의 행복한 기억과 특별한 시간을 보내기에 
최적화된 장소라고 자부할 수 있습니다.

손님분들의 편안하고 쾌적한 식사, 가장 맛있게 고기를 드실 수 있게
저희 해저는 직원들이 직접 그릴링 서비스도 함께 제공합니다 

넓은 주차공간과 아기의자도 구비되어있어
더욱 편안하게 즐기실 수 있습니다 !

제주의 모든 시간대의 풍경을 실시간으로 즐기며
잊지 못할 추억을 쌓으시길 바래요☺

⠀
⊙제주시 한립읍 귀덕리 4169-3
⊙070-8817-3000
⊙open 11:00~22:00 / last order 21:00
⊙가게뒷편 주차가능, 해안도로 주차가능
⊙6인 단체석 보유, 애견 출입 불가능
 

⠀
#한림맛집 #제주한림맛집 #제주맛집 #제주흑돼지맛집 #제주흑돼지 #제주도흑돼지맛집 #제주도흑돼지 #한림흑돼지 #한림흑돼지맛집 #협재흑돼지 #협재흑돼지맛집 #제주도맛집 #애월맛집 #애월고기맛집 #제주노을맛집 #제주한림맛집",ubbrowdatereiw,"@jeju_haejeo

제주의 푸른 바다뷰와 함께 하는 해저에서는
336시간이라는 기다림의 숙성으로 맛을 더한
‘제주 흑돼지 구이’ 와 더해 ‘제주 딱새우회’ 도 함께 즐기실 수 있습니다.
식재료 모두 직접 선별하여 최상급으로 사용하고 있습니다!

밑반찬, 사이드메뉴 하나하나
전부 많은 연구를 거듭해 완성했습니다

전좌석이 제주도의 오션뷰를 느끼며 식사 하실 수 있습니다 :-)
제주에서의 행복한 기억과 특별한 시간을 보내기에
최적화된 장소라고 자부할 수 있습니다.

손님분들의 편안하고 쾌적한 식사, 가장 맛있게 고기를 드실 수 있게
저희 해저는 직원들이 직접 그릴링 서비스도 함께 제공합니다

넓은 주차공간과 아기의자도 구비되어있어
더욱 편안하게 즐기실 수 있습니다 !

제주의 모든 시간대의 풍경을 실시간으로 즐기며
잊지 못할 추억을 쌓으시길 바래요☺

⠀
⊙제주시 한립읍 귀덕리 4169-3
⊙070-8817-3000
⊙open 11:00~22:00 / last order 21:00
⊙가게뒷편 주차가능, 해안도로 주차가능
⊙6인 단체석 보유, 애견 출입 불가능


⠀
#한림맛집 #제주한림맛집 #제주맛집 #제주흑돼지맛집 #제주흑돼지 #제주도흑돼지맛집 #제주도흑돼지 #한림흑돼지 #한림흑돼지맛집 #협재흑돼지 #협재흑돼지맛집 #제주도맛집 #애월맛집 #애월고기맛집 #제주노을맛집 #제주한림맛집"
2023-11-02,"(리그램) @tempo_dininglounge

한우 오마카세 페어링 전문, '템포 다이닝 라운지'

5성급 호텔 출신 셰프님이 직접 선정한 메뉴로

최고급 한우와 다양한 주류까지 페어링하여 즐기실 수 있습니다.

여러가지 식사 메뉴와 커피까지!

오직 템포에서만 경험할 수 있는 맛과 문화,

템포 다이닝 라운지로 초대합니다.

▪️제주 서귀포시 안덕면 신화역사로304번길 98
▪매일 12:00-02:00
▪️캐치테이블 | 064-909-2233

#제주맛집#제주핫플#제주가볼만한곳#제주도가볼만한곳#제주핫플레이스#제주도핫플#제주도핫플레이스#제주데이트코스#제주데이트#제주사진찍기좋은곳#제주서쪽여행",jiho_raon_6_610,"(리그램) @tempo_dininglounge

한우 오마카세 페어링 전문, '템포 다이닝 라운지'

5성급 호텔 출신 셰프님이 직접 선정한 메뉴로

최고급 한우와 다양한 주류까지 페어링하여 즐기실 수 있습니다.

여러가지 식사 메뉴와 커피까지!

오직 템포에서만 경험할 수 있는 맛과 문화,

템포 다이닝 라운지로 초대합니다.

▪️제주 서귀포시 안덕면 신화역사로304번길 98
▪매일 12:00-02:00
▪️캐치테이블 | 064-909-2233

#제주맛집#제주핫플#제주가볼만한곳#제주도가볼만한곳#제주핫플레이스#제주도핫플#제주도핫플레이스#제주데이트코스#제주데이트#제주사진찍기좋은곳#제주서쪽여행"
2023-11-02,"(리그램) @tempo_dininglounge

제주 속 작은 나라, 템포 다이닝 라운지

템포에서 다양한 경험을 선물해 드립니다.

▪️프랑스 스타일의 폴비앙 베이커리&카페

▪️5성급 호텔 출신 셰프의 최상급 한우 오마카세

▪️전문 바텐더가 조합한 50여개의 샴페인 페어링 코스

어디에서도 경험할 수 없는 최고의 여행을 선사해 드리겠습니다.

제주 속 작은 라라랜드를 느껴보세요.

#제주맛집#제주핫플#제주가볼만한곳#제주도가볼만한곳#제주핫플레이스#제주도핫플#제주도핫플레이스#제주데이트코스#제주데이트#제주사진찍기좋은곳#제주서쪽여행",__ich_e_shei,"(리그램) @tempo_dininglounge

제주 속 작은 나라, 템포 다이닝 라운지

템포에서 다양한 경험을 선물해 드립니다.

▪️프랑스 스타일의 폴비앙 베이커리&카페

▪️5성급 호텔 출신 셰프의 최상급 한우 오마카세

▪️전문 바텐더가 조합한 50여개의 샴페인 페어링 코스

어디에서도 경험할 수 없는 최고의 여행을 선사해 드리겠습니다.

제주 속 작은 라라랜드를 느껴보세요.

#제주맛집#제주핫플#제주가볼만한곳#제주도가볼만한곳#제주핫플레이스#제주도핫플#제주도핫플레이스#제주데이트코스#제주데이트#제주사진찍기좋은곳#제주서쪽여행"
2023-11-02,"Photo by John Hoffman on October 20, 2023. May be an image of text that says '광고&협찬 애월 해안도로 구엄포구에 위치한 찐맛집 #지구상회 회&포차 RA て2的 제주제주시애월읍 애월해안로 7152층 064-746-9080'.",johnhoffman259493,"애월해안도로에 위치한 선주가 직접 ⁣
제주앞바다에서 잡은 생물을 사용하여⁣
질과 양으로 승부하는 진짜 맛집!~⁣
⁣
가게명 : 지구상회⁣
주소 : 애월읍 애월해안로 715 2층⁣
연락처 : 064-746-9080⁣
영업시간 : 오후3시~새벽2시 (수요일 휴무)⁣
⁣
#제주맛집 #제주애월맛집 #애월술집⁣
#애월맛집 #제주도맛집 #제주술집⁣
#제주도술집 #제주여행 #제주도여행⁣
#애월카페 #애월가볼만한곳 #제주핫플⁣
#제주횟집 #제주도횟집 #애월횟집"
2023-11-02,"(리그램) @tempo_dininglounge

제주 속 작은 나라, 템포 다이닝 라운지

템포에서 다양한 경험을 선물해 드립니다.

▪️프랑스 스타일의 폴비앙 베이커리&카페

▪️5성급 호텔 출신 셰프의 최상급 한우 오마카세

▪️전문 바텐더가 조합한 50여개의 샴페인 페어링 코스

어디에서도 경험할 수 없는 최고의 여행을 선사해 드리겠습니다.

제주 속 작은 라라랜드를 느껴보세요.

#제주맛집#제주핫플#제주가볼만한곳#제주도가볼만한곳#제주핫플레이스#제주도핫플#제주도핫플레이스#제주데이트코스#제주데이트#제주사진찍기좋은곳#제주서쪽여행",warden_taewook_slang_35105,"(리그램) @tempo_dininglounge

제주 속 작은 나라, 템포 다이닝 라운지

템포에서 다양한 경험을 선물해 드립니다.

▪️프랑스 스타일의 폴비앙 베이커리&카페

▪️5성급 호텔 출신 셰프의 최상급 한우 오마카세

▪️전문 바텐더가 조합한 50여개의 샴페인 페어링 코스

어디에서도 경험할 수 없는 최고의 여행을 선사해 드리겠습니다.

제주 속 작은 라라랜드를 느껴보세요.

#제주맛집#제주핫플#제주가볼만한곳#제주도가볼만한곳#제주핫플레이스#제주도핫플#제주도핫플레이스#제주데이트코스#제주데이트#제주사진찍기좋은곳#제주서쪽여행"
2023-11-02,"Photo by Emily Booth on October 31, 2023. May be an image of text that says '광고&협찬 애월 해안도로 구엄포구에 위치한 찐맛집 #지구상회 회&포차 RA 16 제주제주시애월읍 애월해안로 7152층 064-746-9080'.",emilybooth830773,"애월해안도로에 위치한 선주가 직접 ⁣
제주앞바다에서 잡은 생물을 사용하여⁣
질과 양으로 승부하는 진짜 맛집!~⁣
⁣
가게명 : 지구상회⁣
주소 : 애월읍 애월해안로 715 2층⁣
연락처 : 064-746-9080⁣
영업시간 : 오후3시~새벽2시 (수요일 휴무)⁣
⁣
#제주맛집 #제주애월맛집 #애월술집⁣
#애월맛집 #제주도맛집 #제주술집⁣
#제주도술집 #제주여행 #제주도여행⁣
#애월카페 #애월가볼만한곳 #제주핫플⁣
#제주횟집 #제주도횟집 #애월횟집"
2023-11-02,"Photo by Mark Winters on October 31, 2023. May be an image of text that says '광고&협찬 애월 해안도로 구엄포구에 위치한 찐맛집 #지구상회 회&포차 7u2 RA 6، su 제주제주시애월읍 애월해안로 7152층 064-746-9080 064-746'.",markwinters873578,"애월해안도로에 위치한 선주가 직접 ⁣
제주앞바다에서 잡은 생물을 사용하여⁣
질과 양으로 승부하는 진짜 맛집!~⁣
⁣
가게명 : 지구상회⁣
주소 : 애월읍 애월해안로 715 2층⁣
연락처 : 064-746-9080⁣
영업시간 : 오후3시~새벽2시 (수요일 휴무)⁣
⁣
#제주맛집 #제주애월맛집 #애월술집⁣
#애월맛집 #제주도맛집 #제주술집⁣
#제주도술집 #제주여행 #제주도여행⁣
#애월카페 #애월가볼만한곳 #제주핫플⁣
#제주횟집 #제주도횟집 #애월횟집"
2023-11-02,"직화구이 불향제대로인 등갈비 구이라구요?🥹
20년의 전통이 있는 등갈비 장인의 맛집 
제주도에서 등갈비 일등인 곳입니다. 

1차로 가기 딱 좋은 고깃집인데 육즙이 팡팡터지는
등갈비에 불향이 싸~~악 입혀져서 너무 맛있음!

국수랑 같이 살코가 말아먹음 꿀맛이라 이조합
완전 추천🤍

🚗돼지촌 제주본점- 제주 제주시 원노형남1길 28

#등갈비 #등갈비구이 #등갈비맛집 #돼지갈비 #돼지갈비맛집 #갈비맛집",_yamiyomi_,"직화구이 불향제대로인 등갈비 구이라구요?🥹
20년의 전통이 있는 등갈비 장인의 맛집
제주도에서 등갈비 일등인 곳입니다.

1차로 가기 딱 좋은 고깃집인데 육즙이 팡팡터지는
등갈비에 불향이 싸~~악 입혀져서 너무 맛있음!

국수랑 같이 살코가 말아먹음 꿀맛이라 이조합
완전 추천🤍

🚗돼지촌 제주본점- 제주 제주시 원노형남1길 28

#등갈비 #등갈비구이 #등갈비맛집 #돼지갈비 #돼지갈비맛집 #갈비맛집"
2023-11-02,"(리그램) @suncheunmihyang

😎
제주의 가을
파란바다
파란하늘
파란바람
그리고 고운 마음

순천미향제주산방산본점
제주시 안덕면 사계리
163-1(주차장)

#제주맛집
#고기서만나제주
#신화월드맛집
#오설록맛집
#송악산맛집
#중문맛집
#서귀포맛집
#산방산맛집
#카멜리아힐맛집
#제주산방산맛집
#용머리해안맛집
#제주용머리해안맛집
#안덕면맛집
#한라산
#오설록
#산방산
#용머리해안
#제주도여행
#제주문어요리
#순천미향
#신화월드맛집
#오설록맛집
#송악산맛집
#중문맛집
#서귀포맛집
#산방산맛집
#카멜리아힐맛집
#제주산방산맛집
#용머리해안맛집
#제주용머리해안맛집
#안덕면맛집
#한라산
#오설록
#산방산
#용머리해안
#제주도여행
#제주문어요리
#The best restaurant in Jeju Island
#济州岛美食店",emi__ante5,"(리그램) @suncheunmihyang

😎
제주의 가을
파란바다
파란하늘
파란바람
그리고 고운 마음

순천미향제주산방산본점
제주시 안덕면 사계리
163-1(주차장)

#제주맛집
#고기서만나제주
#신화월드맛집
#오설록맛집
#송악산맛집
#중문맛집
#서귀포맛집
#산방산맛집
#카멜리아힐맛집
#제주산방산맛집
#용머리해안맛집
#제주용머리해안맛집
#안덕면맛집
#한라산
#오설록
#산방산
#용머리해안
#제주도여행
#제주문어요리
#순천미향
#신화월드맛집
#오설록맛집
#송악산맛집
#중문맛집
#서귀포맛집
#산방산맛집
#카멜리아힐맛집
#제주산방산맛집
#용머리해안맛집
#제주용머리해안맛집
#안덕면맛집
#한라산
#오설록
#산방산
#용머리해안
#제주도여행
#제주문어요리
#The best restaurant in Jeju Island
#济州岛美食店"
2023-11-02,"(협찬)⁣
애월해안도로에 위치한 선주가 직접 ⁣
제주앞바다에서 잡은 생물을 사용하여⁣
질과 양으로 승부하는 진짜 맛집!~⁣
⁣
가게명 : 지구상회⁣
주소 : 애월읍 애월해안로 715 2층⁣
연락처 : 064-746-9080⁣
영업시간 : 오후3시~새벽2시 (수요일 휴무)⁣
⁣
#애월맛집 #제주애월맛집 #애월술집⁣
#제주맛집 #제주도맛집 #제주술집⁣
#제주도술집 #제주여행 #제주도여행⁣
#애월카페 #애월가볼만한곳 #제주핫플⁣
#제주횟집 #제주도횟집 #애월횟집",natashahebert935417,"(협찬)⁣
애월해안도로에 위치한 선주가 직접 ⁣
제주앞바다에서 잡은 생물을 사용하여⁣
질과 양으로 승부하는 진짜 맛집!~⁣
⁣
가게명 : 지구상회⁣
주소 : 애월읍 애월해안로 715 2층⁣
연락처 : 064-746-9080⁣
영업시간 : 오후3시~새벽2시 (수요일 휴무)⁣
⁣
#애월맛집 #제주애월맛집 #애월술집⁣
#제주맛집 #제주도맛집 #제주술집⁣
#제주도술집 #제주여행 #제주도여행⁣
#애월카페 #애월가볼만한곳 #제주핫플⁣
#제주횟집 #제주도횟집 #애월횟집"
2023-11-02,"(리그램) @tempo_dininglounge

제주 속 작은 나라, 템포 다이닝 라운지

템포에서 다양한 경험을 선물해 드립니다.

▪️프랑스 스타일의 폴비앙 베이커리&카페

▪️5성급 호텔 출신 셰프의 최상급 한우 오마카세

▪️전문 바텐더가 조합한 50여개의 샴페인 페어링 코스

어디에서도 경험할 수 없는 최고의 여행을 선사해 드리겠습니다.

제주 속 작은 라라랜드를 느껴보세요.

#제주맛집#제주핫플#제주가볼만한곳#제주도가볼만한곳#제주핫플레이스#제주도핫플#제주도핫플레이스#제주데이트코스#제주데이트#제주사진찍기좋은곳#제주서쪽여행",pinkviolla39,"(리그램) @tempo_dininglounge

제주 속 작은 나라, 템포 다이닝 라운지

템포에서 다양한 경험을 선물해 드립니다.

▪️프랑스 스타일의 폴비앙 베이커리&카페

▪️5성급 호텔 출신 셰프의 최상급 한우 오마카세

▪️전문 바텐더가 조합한 50여개의 샴페인 페어링 코스

어디에서도 경험할 수 없는 최고의 여행을 선사해 드리겠습니다.

제주 속 작은 라라랜드를 느껴보세요.

#제주맛집#제주핫플#제주가볼만한곳#제주도가볼만한곳#제주핫플레이스#제주도핫플#제주도핫플레이스#제주데이트코스#제주데이트#제주사진찍기좋은곳#제주서쪽여행"
2023-11-02,"Photo by Mark York on October 31, 2023. May be an image of text that says '광고&협찬 애월 해안도로 구엄포구에 위치한 찐맛집 #지구상회 회&포차 RA (6 제주제주시애월읍 애월해안로 7152층 064-746-9080'.",markyork827996,"애월해안도로에 위치한 선주가 직접 ⁣
제주앞바다에서 잡은 생물을 사용하여⁣
질과 양으로 승부하는 진짜 맛집!~⁣
⁣
가게명 : 지구상회⁣
주소 : 애월읍 애월해안로 715 2층⁣
연락처 : 064-746-9080⁣
영업시간 : 오후3시~새벽2시 (수요일 휴무)⁣
⁣
#제주맛집 #제주애월맛집 #애월술집⁣
#애월맛집 #제주도맛집 #제주술집⁣
#제주도술집 #제주여행 #제주도여행⁣
#애월카페 #애월가볼만한곳 #제주핫플⁣
#제주횟집 #제주도횟집 #애월횟집"
2023-11-02,"제주 도민맛집으로 유명한 흑돼지집!
📍깡촌 흑돼지 

제주도 갔는데 무조건 흑돼지는 기본이잖아요?
함덕쪽에서 흑돼지 맛집좀 알려줘~~하면 무조건
일등으로 알려주고 싶은곳 :)

이번엔 양념 감칠맛 대박인 ‘빨간 흑돼지’를 먹었는데 
그냥 먹어도 맛있고 밥이랑먹어도 반찬으로 최고임 ㅋㅋ
그리고 여기 빨간 껍데기도 존맛 ㅜ 쫜득쫜득함의 결이
다름…! 

양념고기말고도 그냥 흑돼지도 꿀맛이라 취향껏 선택
하면됨:) 가을 제주도 여행 계획하는분들 여기 꼭 가보시
길 추천😌 흑돼지는 사랑입니당

🚗제주 제주시 조천읍 함덕14길 2

#흑돼지 #흑돼지맛집 #흑돼지구이 #돼지고기 #제주흑돼지맛집 #제주흑돼지거리 #제주흑돼지 #제주도여행",_yamiyomi_,"제주 도민맛집으로 유명한 흑돼지집!
📍깡촌 흑돼지

제주도 갔는데 무조건 흑돼지는 기본이잖아요?
함덕쪽에서 흑돼지 맛집좀 알려줘~~하면 무조건
일등으로 알려주고 싶은곳 :)

이번엔 양념 감칠맛 대박인 ‘빨간 흑돼지’를 먹었는데
그냥 먹어도 맛있고 밥이랑먹어도 반찬으로 최고임 ㅋㅋ
그리고 여기 빨간 껍데기도 존맛 ㅜ 쫜득쫜득함의 결이
다름…!

양념고기말고도 그냥 흑돼지도 꿀맛이라 취향껏 선택
하면됨:) 가을 제주도 여행 계획하는분들 여기 꼭 가보시
길 추천😌 흑돼지는 사랑입니당

🚗제주 제주시 조천읍 함덕14길 2

#흑돼지 #흑돼지맛집 #흑돼지구이 #돼지고기 #제주흑돼지맛집 #제주흑돼지거리 #제주흑돼지 #제주도여행"
2023-11-02,"Photo by Christine Good on October 31, 2023. May be an image of text that says '광고&협찬 애월 해안도로 구엄포구에 위치한 찐맛집 #지구상회 회&포차 RA で6 제주제주시애월읍 애월해안로 7152층 064-746-9080'.",christinegood615787,"애월해안도로에 위치한 선주가 직접 ⁣
제주앞바다에서 잡은 생물을 사용하여⁣
질과 양으로 승부하는 진짜 맛집!~⁣
⁣
가게명 : 지구상회⁣
주소 : 애월읍 애월해안로 715 2층⁣
연락처 : 064-746-9080⁣
영업시간 : 오후3시~새벽2시 (수요일 휴무)⁣
⁣
#제주맛집 #제주애월맛집 #애월술집⁣
#애월맛집 #제주도맛집 #제주술집⁣
#제주도술집 #제주여행 #제주도여행⁣
#애월카페 #애월가볼만한곳 #제주핫플⁣
#제주횟집 #제주도횟집 #애월횟집"
2023-11-02,"(협찬)⁣
애월해안도로에 위치한 선주가 직접 ⁣
제주앞바다에서 잡은 생물을 사용하여⁣
질과 양으로 승부하는 진짜 맛집!~⁣
⁣
가게명 : 지구상회⁣
주소 : 애월읍 애월해안로 715 2층⁣
연락처 : 064-746-9080⁣
영업시간 : 오후3시~새벽2시 (수요일 휴무)⁣
⁣
#애월맛집 #제주애월맛집 #애월술집⁣
#제주맛집 #제주도맛집 #제주술집⁣
#제주도술집 #제주여행 #제주도여행⁣
#애월카페 #애월가볼만한곳 #제주핫플⁣
#제주횟집 #제주도횟집 #애월횟집",stephenhooper671878,"(협찬)⁣
애월해안도로에 위치한 선주가 직접 ⁣
제주앞바다에서 잡은 생물을 사용하여⁣
질과 양으로 승부하는 진짜 맛집!~⁣
⁣
가게명 : 지구상회⁣
주소 : 애월읍 애월해안로 715 2층⁣
연락처 : 064-746-9080⁣
영업시간 : 오후3시~새벽2시 (수요일 휴무)⁣
⁣
#애월맛집 #제주애월맛집 #애월술집⁣
#제주맛집 #제주도맛집 #제주술집⁣
#제주도술집 #제주여행 #제주도여행⁣
#애월카페 #애월가볼만한곳 #제주핫플⁣
#제주횟집 #제주도횟집 #애월횟집"
2023-11-02,"(리그램) @tempo_dininglounge

제주 속 작은 나라, 템포 다이닝 라운지

템포에서 다양한 경험을 선물해 드립니다.

▪️프랑스 스타일의 폴비앙 베이커리&카페

▪️5성급 호텔 출신 셰프의 최상급 한우 오마카세

▪️전문 바텐더가 조합한 50여개의 샴페인 페어링 코스

어디에서도 경험할 수 없는 최고의 여행을 선사해 드리겠습니다.

제주 속 작은 라라랜드를 느껴보세요.

#제주맛집#제주핫플#제주가볼만한곳#제주도가볼만한곳#제주핫플레이스#제주도핫플#제주도핫플레이스#제주데이트코스#제주데이트#제주사진찍기좋은곳#제주서쪽여행",__arazh._urray,"(리그램) @tempo_dininglounge

제주 속 작은 나라, 템포 다이닝 라운지

템포에서 다양한 경험을 선물해 드립니다.

▪️프랑스 스타일의 폴비앙 베이커리&카페

▪️5성급 호텔 출신 셰프의 최상급 한우 오마카세

▪️전문 바텐더가 조합한 50여개의 샴페인 페어링 코스

어디에서도 경험할 수 없는 최고의 여행을 선사해 드리겠습니다.

제주 속 작은 라라랜드를 느껴보세요.

#제주맛집#제주핫플#제주가볼만한곳#제주도가볼만한곳#제주핫플레이스#제주도핫플#제주도핫플레이스#제주데이트코스#제주데이트#제주사진찍기좋은곳#제주서쪽여행"
2023-11-02,"💕
십일월의 절대고독을 노래했던
시인의 마음에 비친 이 가을 하늘빛은
또 얼마나 푸르렀을까요???

순천미향제주산방산본점
제주시 안덕면 사계리
163-1(주차장)",suncheunmihyang,"💕
십일월의 절대고독을 노래했던
시인의 마음에 비친 이 가을 하늘빛은
또 얼마나 푸르렀을까요???

순천미향제주산방산본점
제주시 안덕면 사계리
163-1(주차장)"
2023-11-02,"음료 마시기가 아까운 적은 처음임;; 젤리소다로 유명한 #제주#카페치즈태비

구슬처럼 이쁜 젤리가 소다 위에 올라가있음! 기분 탓인지 모르겠지만 색깔별로 맛이 다른 느낌~ 엄청 쫀득하고 탱글해서 맛있게 먹음 ㅎㅎ 

배고파서 시킨 카야토스트도 존맛이였음. 계란을 발라 먹으면 고소함이 업!! 포토존도 많으니까 제주 여행중에 꼭 가보길~

👦🏻카페 치즈태비
👦🏻제주 제주시 구좌읍 행원로7길 18-9 카페치즈태비

#푸썸_제주",_food_some,"음료 마시기가 아까운 적은 처음임;; 젤리소다로 유명한 #제주#카페치즈태비

구슬처럼 이쁜 젤리가 소다 위에 올라가있음! 기분 탓인지 모르겠지만 색깔별로 맛이 다른 느낌~ 엄청 쫀득하고 탱글해서 맛있게 먹음 ㅎㅎ

배고파서 시킨 카야토스트도 존맛이였음. 계란을 발라 먹으면 고소함이 업!! 포토존도 많으니까 제주 여행중에 꼭 가보길~

👦🏻카페 치즈태비
👦🏻제주 제주시 구좌읍 행원로7길 18-9 카페치즈태비

#푸썸_제주"
2023-11-02,"Photo by Tasha Barton on October 23, 2023. May be an image of ‎text that says '‎광고&협찬 애월 해안도로 구엄포구에 위치한 찐맛집 #지구상회 회&포차 RA ر6で HRaRa 제주제주시애월읍 애월해안로 7152층 064-746-9080‎'‎.",tashabarton626715,"애월해안도로에 위치한 선주가 직접 ⁣
제주앞바다에서 잡은 생물을 사용하여⁣
질과 양으로 승부하는 진짜 맛집!~⁣
⁣
가게명 : 지구상회⁣
주소 : 애월읍 애월해안로 715 2층⁣
연락처 : 064-746-9080⁣
영업시간 : 오후3시~새벽2시 (수요일 휴무)⁣
⁣
#제주맛집 #제주애월맛집 #애월술집⁣
#애월맛집 #제주도맛집 #제주술집⁣
#제주도술집 #제주여행 #제주도여행⁣
#애월카페 #애월가볼만한곳 #제주핫플⁣
#제주횟집 #제주도횟집 #애월횟집"
2023-11-02,"Photo by 신김임 on October 30, 2023. May be an image of text that says '광고&협찬 애월 해안도로 구엄포구에 위치한 찐맛집 #지구상회 회&포차 RA て26য 제주제주시애월읍 애월해안로 7152층 064-746-9080'.",hbsyu0984499,"애월해안도로에 위치한 선주가 직접 ⁣
제주앞바다에서 잡은 생물을 사용하여⁣
질과 양으로 승부하는 진짜 맛집!~⁣
⁣
가게명 : 지구상회⁣
주소 : 애월읍 애월해안로 715 2층⁣
연락처 : 064-746-9080⁣
영업시간 : 오후3시~새벽2시 (수요일 휴무)⁣
⁣
#제주맛집 #제주애월맛집 #애월술집⁣
#애월맛집 #제주도맛집 #제주술집⁣
#제주도술집 #제주여행 #제주도여행⁣
#애월카페 #애월가볼만한곳 #제주핫플⁣
#제주횟집 #제주도횟집 #애월횟집"
2023-11-02,"(리그램) @tempo_dininglounge

제주 속 작은 나라, 템포 다이닝 라운지

템포에서 다양한 경험을 선물해 드립니다.

▪️프랑스 스타일의 폴비앙 베이커리&카페

▪️5성급 호텔 출신 셰프의 최상급 한우 오마카세

▪️전문 바텐더가 조합한 50여개의 샴페인 페어링 코스

어디에서도 경험할 수 없는 최고의 여행을 선사해 드리겠습니다.

제주 속 작은 라라랜드를 느껴보세요.

#제주맛집#제주핫플#제주가볼만한곳#제주도가볼만한곳#제주핫플레이스#제주도핫플#제주도핫플레이스#제주데이트코스#제주데이트#제주사진찍기좋은곳#제주서쪽여행",herrelfrenit,"(리그램) @tempo_dininglounge

제주 속 작은 나라, 템포 다이닝 라운지

템포에서 다양한 경험을 선물해 드립니다.

▪️프랑스 스타일의 폴비앙 베이커리&카페

▪️5성급 호텔 출신 셰프의 최상급 한우 오마카세

▪️전문 바텐더가 조합한 50여개의 샴페인 페어링 코스

어디에서도 경험할 수 없는 최고의 여행을 선사해 드리겠습니다.

제주 속 작은 라라랜드를 느껴보세요.

#제주맛집#제주핫플#제주가볼만한곳#제주도가볼만한곳#제주핫플레이스#제주도핫플#제주도핫플레이스#제주데이트코스#제주데이트#제주사진찍기좋은곳#제주서쪽여행"
2023-11-02,"(리그램) @tempo_dininglounge

한우 오마카세 페어링 전문, '템포 다이닝 라운지'

5성급 호텔 출신 셰프님이 직접 선정한 메뉴로

최고급 한우와 다양한 주류까지 페어링하여 즐기실 수 있습니다.

여러가지 식사 메뉴와 커피까지!

오직 템포에서만 경험할 수 있는 맛과 문화,

템포 다이닝 라운지로 초대합니다.

▪️제주 서귀포시 안덕면 신화역사로304번길 98
▪매일 12:00-02:00
▪️캐치테이블 | 064-909-2233

#제주맛집#제주핫플#제주가볼만한곳#제주도가볼만한곳#제주핫플레이스#제주도핫플#제주도핫플레이스#제주데이트코스#제주데이트#제주사진찍기좋은곳#제주서쪽여행",grac_mcgra_._,"(리그램) @tempo_dininglounge

한우 오마카세 페어링 전문, '템포 다이닝 라운지'

5성급 호텔 출신 셰프님이 직접 선정한 메뉴로

최고급 한우와 다양한 주류까지 페어링하여 즐기실 수 있습니다.

여러가지 식사 메뉴와 커피까지!

오직 템포에서만 경험할 수 있는 맛과 문화,

템포 다이닝 라운지로 초대합니다.

▪️제주 서귀포시 안덕면 신화역사로304번길 98
▪매일 12:00-02:00
▪️캐치테이블 | 064-909-2233

#제주맛집#제주핫플#제주가볼만한곳#제주도가볼만한곳#제주핫플레이스#제주도핫플#제주도핫플레이스#제주데이트코스#제주데이트#제주사진찍기좋은곳#제주서쪽여행"
2023-11-02,"Photo by Michele Hurst on October 31, 2023. May be an image of text that says '광고&협찬 애월 해안도로 구엄포구에 위치한 찐맛집 #지구상회 회&포차 T라 RA で6 제주제주시애월읍 애월해안로 7152층 064-746-9080'.",michelehurst753331,"애월해안도로에 위치한 선주가 직접 ⁣
제주앞바다에서 잡은 생물을 사용하여⁣
질과 양으로 승부하는 진짜 맛집!~⁣
⁣
가게명 : 지구상회⁣
주소 : 애월읍 애월해안로 715 2층⁣
연락처 : 064-746-9080⁣
영업시간 : 오후3시~새벽2시 (수요일 휴무)⁣
⁣
#제주맛집 #제주애월맛집 #애월술집⁣
#애월맛집 #제주도맛집 #제주술집⁣
#제주도술집 #제주여행 #제주도여행⁣
#애월카페 #애월가볼만한곳 #제주핫플⁣
#제주횟집 #제주도횟집 #애월횟집"
2023-11-02,"(리그램) @tempo_dininglounge

한우 오마카세 페어링 전문, '템포 다이닝 라운지'

5성급 호텔 출신 셰프님이 직접 선정한 메뉴로

최고급 한우와 다양한 주류까지 페어링하여 즐기실 수 있습니다.

여러가지 식사 메뉴와 커피까지!

오직 템포에서만 경험할 수 있는 맛과 문화,

템포 다이닝 라운지로 초대합니다.

▪️제주 서귀포시 안덕면 신화역사로304번길 98
▪매일 12:00-02:00
▪️캐치테이블 | 064-909-2233

#제주맛집#제주핫플#제주가볼만한곳#제주도가볼만한곳#제주핫플레이스#제주도핫플#제주도핫플레이스#제주데이트코스#제주데이트#제주사진찍기좋은곳#제주서쪽여행",_.__._t.__rinebla,"(리그램) @tempo_dininglounge

한우 오마카세 페어링 전문, '템포 다이닝 라운지'

5성급 호텔 출신 셰프님이 직접 선정한 메뉴로

최고급 한우와 다양한 주류까지 페어링하여 즐기실 수 있습니다.

여러가지 식사 메뉴와 커피까지!

오직 템포에서만 경험할 수 있는 맛과 문화,

템포 다이닝 라운지로 초대합니다.

▪️제주 서귀포시 안덕면 신화역사로304번길 98
▪매일 12:00-02:00
▪️캐치테이블 | 064-909-2233

#제주맛집#제주핫플#제주가볼만한곳#제주도가볼만한곳#제주핫플레이스#제주도핫플#제주도핫플레이스#제주데이트코스#제주데이트#제주사진찍기좋은곳#제주서쪽여행"
2023-11-02,"""지구상회""

애월해안도로 유일한 회ㆍ포차
신선한 활어회와 다양한 볶음류와 구이
환상적인 오션뷰를 지닌 루프탑 

새벽2시까지 영업

상호 : 지구상회
위치 : 애월읍 애월해안로 715 2층
전화 : 064-746-9080
영업 : 오후3시~새벽2시

@earthmarket_jeju

매주 수요일 휴무

#제주애월맛집
#애월해안도로맛집
#애월술집#애월회포장
#애월횟집#애월여행#애월가볼만한곳
#제주술집#애월데이트#애월혼술#제주도혼술#제주혼술#성산일출봉맛집#서귀포맛집#중문맛집#월정리맛집
#제주도술집
#제주횟집#애월카페
#제주도횟집#제주도카페#제주카페 
#제주갈치조림맛집
#제주도맛집#제주도흑돼지
#제주갈치조림#제주흑돼지

영상출처
yomyom_jeju",davidpatterson199474,"""지구상회""

애월해안도로 유일한 회ㆍ포차
신선한 활어회와 다양한 볶음류와 구이
환상적인 오션뷰를 지닌 루프탑

새벽2시까지 영업

상호 : 지구상회
위치 : 애월읍 애월해안로 715 2층
전화 : 064-746-9080
영업 : 오후3시~새벽2시

@earthmarket_jeju

매주 수요일 휴무

#제주애월맛집
#애월해안도로맛집
#애월술집#애월회포장
#애월횟집#애월여행#애월가볼만한곳
#제주술집#애월데이트#애월혼술#제주도혼술#제주혼술#성산일출봉맛집#서귀포맛집#중문맛집#월정리맛집
#제주도술집
#제주횟집#애월카페
#제주도횟집#제주도카페#제주카페
#제주갈치조림맛집
#제주도맛집#제주도흑돼지
#제주갈치조림#제주흑돼지

영상출처
yomyom_jeju"
2023-11-02,"(광고) 수라상에도 오늘 고~급 디저트 주악 전문점
💛뽕끄레 주악💛

JMT 개성주악을 제주식으로 표현한
'뽕끄레 주악'🍊🍊

오로지 '뽕끄레 주악'에서만 맛 볼수 있는🧡
제주스러운 디저트!!😍

입맛대로 골라 먹는 12가지 토핑이😲
잔~뜩 올라간 주악!!🌈🌈
제주 티 베리에이션 음료와 같이 즐겨보자!!🍹

제주 공항 바로 근처에 있으니까✈️🛬
방문하기도 너무 편하잖아
제주 여행 필수코스로 찜!! 🚗🚙

🧭뽕끄레주악

주소 : 제주 제주시 동문로4길 7 1층 2호 뽕끄레주악
문의 : 0507-1398-5540
영업 : 매일 10:00 ~ 20:00

#동문시장맛집
#제주맛집
#동문시장야시장
#제주동문시장맛집
#제주야시장
#제주디저트
#제주공항근처카페
#탑동맛집
#제주디저트카페
#동문시장맛집추천
#동문시장먹거리",ohbleys,"(광고) 수라상에도 오늘 고~급 디저트 주악 전문점
💛뽕끄레 주악💛

JMT 개성주악을 제주식으로 표현한
'뽕끄레 주악'🍊🍊

오로지 '뽕끄레 주악'에서만 맛 볼수 있는🧡
제주스러운 디저트!!😍

입맛대로 골라 먹는 12가지 토핑이😲
잔~뜩 올라간 주악!!🌈🌈
제주 티 베리에이션 음료와 같이 즐겨보자!!🍹

제주 공항 바로 근처에 있으니까✈️🛬
방문하기도 너무 편하잖아
제주 여행 필수코스로 찜!! 🚗🚙

🧭뽕끄레주악

주소 : 제주 제주시 동문로4길 7 1층 2호 뽕끄레주악
문의 : 0507-1398-5540
영업 : 매일 10:00 ~ 20:00

#동문시장맛집
#제주맛집
#동문시장야시장
#제주동문시장맛집
#제주야시장
#제주디저트
#제주공항근처카페
#탑동맛집
#제주디저트카페
#동문시장맛집추천
#동문시장먹거리"
2023-11-02,"🍊 애월 ""미깡창고"" 🍊
한 폭의 명화를 옮겨놓은 듯한 애월읍 카페!

야외 테라스에 감귤밭까지 있는 이국적인 공간!
인생샷 바로 건지기 가능하다구😆

앉아만 있어도 힐링 되는 기분🧡
반려동물 동반 가능하다고 하니 참고해줘!

@힐링하러 같이 갈 사람 태그!

📌제주 제주시 애월읍 중산간서로 6710-1 미깡창고
⏰11:00-18:00(라스트오더 17:00)
⏰일요일 정기휴무
📞0507-1408-1506

#제주맛집 #제주도맛집 #제주공항근처맛집 #제주시맛집 #애월맛집 #중문맛집 #제주공항맛집 #서귀포맛집 #산방산맛집 #신제주맛집 #제주시청맛집 #제주애월맛집 #월정리맛집 #제주여행 #제주핫플",jejuplanets,"🍊 애월 ""미깡창고"" 🍊
한 폭의 명화를 옮겨놓은 듯한 애월읍 카페!

야외 테라스에 감귤밭까지 있는 이국적인 공간!
인생샷 바로 건지기 가능하다구😆

앉아만 있어도 힐링 되는 기분🧡
반려동물 동반 가능하다고 하니 참고해줘!

@힐링하러 같이 갈 사람 태그!

📌제주 제주시 애월읍 중산간서로 6710-1 미깡창고
⏰11:00-18:00(라스트오더 17:00)
⏰일요일 정기휴무
📞0507-1408-1506

#제주맛집 #제주도맛집 #제주공항근처맛집 #제주시맛집 #애월맛집 #중문맛집 #제주공항맛집 #서귀포맛집 #산방산맛집 #신제주맛집 #제주시청맛집 #제주애월맛집 #월정리맛집 #제주여행 #제주핫플"
2023-11-02,"😋 💕
역시 이 맛이 한국의 맛이야! 🤩

5일간의 중국 출장에서 한국의 이 음식이 정말 그립더라고요. 그것은 바로 칼칼하면서 시원, 담백함이 최고인 돼지고기 김치찌개 🥣

그래서 오늘 바로 달려갔습니다.
제주도 원탑인 삼양동 김치찌개 맛집 감수촌에 말이죠! 👍👍

가격이 1,000원 오른 1인분에 9,000원이지만 정말 양이 푸짐하고 맛이 끝내줘요. 노포의 식당이지만 맛만큼은 해외에서 그리울 정도였어요. 🥰

너무 배가 불러서 라면사리까지는 못 넣고 먹었지만 느끼했던 속이 깔끔하게 내려간 기분이네요. 이제 상쾌하게 밀린 일을 시작해 봐야겠네요. 🤟

참고로 동태찌개도 있는데 갠적으로 김치찌개를 좋아해요~ 아직 여기 김치찌개 안 드셨던 분들은 꼭 한번 드셔보세요. 🫶

오늘부터 다시 제주할게요. 😉🫰

📍 #감수촌
📍 #제주 제주시 지석13길 7
⏱️ 08:30 - 15:00 (웨이팅 있음)

#제주도여기 #삼양동맛집 #제주김치찌개맛집",jejudo_here,"😋 💕
역시 이 맛이 한국의 맛이야! 🤩

5일간의 중국 출장에서 한국의 이 음식이 정말 그립더라고요. 그것은 바로 칼칼하면서 시원, 담백함이 최고인 돼지고기 김치찌개 🥣

그래서 오늘 바로 달려갔습니다.
제주도 원탑인 삼양동 김치찌개 맛집 감수촌에 말이죠! 👍👍

가격이 1,000원 오른 1인분에 9,000원이지만 정말 양이 푸짐하고 맛이 끝내줘요. 노포의 식당이지만 맛만큼은 해외에서 그리울 정도였어요. 🥰

너무 배가 불러서 라면사리까지는 못 넣고 먹었지만 느끼했던 속이 깔끔하게 내려간 기분이네요. 이제 상쾌하게 밀린 일을 시작해 봐야겠네요. 🤟

참고로 동태찌개도 있는데 갠적으로 김치찌개를 좋아해요~ 아직 여기 김치찌개 안 드셨던 분들은 꼭 한번 드셔보세요. 🫶

오늘부터 다시 제주할게요. 😉🫰

📍 #감수촌
📍 #제주 제주시 지석13길 7
⏱️ 08:30 - 15:00 (웨이팅 있음)

#제주도여기 #삼양동맛집 #제주김치찌개맛집"
